date,PCOFFOTMUSDM,dollar_to_kg
1992-01-01,73.03181818181820,0.33196281
1992-02-01,69.29800000000000,0.314990909
1992-03-01,69.89363636363640,0.317698347
1992-04-01,66.52227272727270,0.302373967
1992-05-01,60.79666666666670,0.276348485
1992-06-01,59.44818181818180,0.270219008
1992-07-01,58.34913043478260,0.26522332
1992-08-01,53.35380952380950,0.242517316
1992-09-01,51.67318181818180,0.234878099
1992-10-01,50.83000000000000,0.231045455
1992-11-01,52.51285714285710,0.238694805
1992-12-01,75.13913043478260,0.341541502
1993-01-01,71.81904761904760,0.326450216
1993-02-01,67.43650000000000,0.306529545
1993-03-01,64.68130434782610,0.294005929
1993-04-01,58.41454545454540,0.265520661
1993-05-01,61.65904761904760,0.280268398
1993-06-01,63.19045454545450,0.287229339
1993-07-01,70.47909090909090,0.320359504
1993-08-01,76.18727272727270,0.346305785
1993-09-01,81.12181818181820,0.368735537
1993-10-01,76.64333333333330,0.348378788
1993-11-01,79.23863636363640,0.36017562
1993-12-01,82.55260869565220,0.37523913
1994-01-01,79.58238095238090,0.361738095
1994-02-01,83.20000000000000,0.378181818
1994-03-01,87.01478260869570,0.395521739
1994-04-01,90.93761904761900,0.413352814
1994-05-01,117.16636363636400,0.53257438
1994-06-01,133.36136363636400,0.606188017
1994-07-01,201.41000000000000,0.9155
1994-08-01,199.13956521739100,0.905179842
1994-09-01,218.68045454545400,0.994002066
1994-10-01,207.31380952381000,0.942335498
1994-11-01,188.11636363636400,0.85507438
1994-12-01,162.26500000000000,0.737568182
1995-01-01,171.08818181818200,0.777673554
1995-02-01,167.47500000000000,0.76125
1995-03-01,179.21086956521700,0.814594862
1995-04-01,173.23700000000000,0.787440909
1995-05-01,173.24565217391300,0.787480237
1995-06-01,158.60318181818200,0.720923554
1995-07-01,140.29666666666700,0.637712121
1995-08-01,150.99173913043500,0.686326087
1995-09-01,137.13809523809500,0.623354978
1995-10-01,127.08590909090900,0.577663223
1995-11-01,125.26045454545400,0.569365702
1995-12-01,106.36809523809500,0.483491342
1996-01-01,107.96173913043500,0.490735178
1996-02-01,124.78047619047600,0.567183983
1996-03-01,120.80761904761900,0.549125541
1996-04-01,121.88318181818200,0.554014463
1996-05-01,129.59565217391300,0.589071146
1996-06-01,125.03000000000000,0.568318182
1996-07-01,123.70086956521700,0.56227668
1996-08-01,125.50772727272700,0.570489669
1996-09-01,119.81238095238100,0.544601732
1996-10-01,123.77695652173900,0.56262253
1996-11-01,123.91380952381000,0.563244589
1996-12-01,116.89363636363600,0.531334711
1997-01-01,131.23391304347800,0.596517787
1997-02-01,166.32550000000000,0.756025
1997-03-01,193.40809523809500,0.879127706
1997-04-01,205.44090909090900,0.933822314
1997-05-01,265.60590909090900,1.207299587
1997-06-01,226.76095238095200,1.030731602
1997-07-01,190.15826086956500,0.864355731
1997-08-01,191.09904761904800,0.868632035
1997-09-01,190.86454545454500,0.867566116
1997-10-01,169.14913043478300,0.768859684
1997-11-01,160.31150000000000,0.728688636
1997-12-01,176.77956521739100,0.803543478
1998-01-01,176.91363636363600,0.804152893
1998-02-01,178.37400000000000,0.810790909
1998-03-01,158.39000000000000,0.719954545
1998-04-01,150.25500000000000,0.682977273
1998-05-01,138.93761904761900,0.631534632
1998-06-01,126.66318181818200,0.575741736
1998-07-01,116.94130434782600,0.531551383
1998-08-01,123.64714285714300,0.562032468
1998-09-01,112.94409090909100,0.513382231
1998-10-01,109.38727272727300,0.497214876
1998-11-01,116.12190476190500,0.52782684
1998-12-01,117.05608695652200,0.532073123
1999-01-01,114.22761904761900,0.51921645
1999-02-01,104.76200000000000,0.476190909
1999-03-01,105.13217391304400,0.477873518
1999-04-01,102.82863636363600,0.467402893
1999-05-01,111.35476190476200,0.506158009
1999-06-01,108.11727272727300,0.491442149
1999-07-01,95.79181818181820,0.435417355
1999-08-01,91.49954545454540,0.415907025
1999-09-01,84.52409090909090,0.384200413
1999-10-01,92.75904761904760,0.421632035
1999-11-01,112.45090909090900,0.511140496
1999-12-01,123.16521739130400,0.559841897
2000-01-01,111.85142857142900,0.508415584
2000-02-01,104.04142857142900,0.472915584
2000-03-01,100.65260869565200,0.457511858
2000-04-01,94.65000000000000,0.430227273
2000-05-01,91.50608695652170,0.415936759
2000-06-01,86.89409090909090,0.39497314
2000-07-01,87.65619047619050,0.398437229
2000-08-01,79.30391304347830,0.360472332
2000-09-01,75.83523809523810,0.344705628
2000-10-01,76.76454545454550,0.348929752
2000-11-01,71.39045454545450,0.324502066
2000-12-01,65.90333333333330,0.299560606
2001-01-01,65.65260869565220,0.298420949
2001-02-01,67.27550000000000,0.305797727
2001-03-01,66.66590909090910,0.30302686
2001-04-01,65.99761904761910,0.299989177
2001-05-01,69.63130434782610,0.316505929
2001-06-01,63.84619047619050,0.290209957
2001-07-01,58.94136363636360,0.267915289
2001-08-01,59.33130434782610,0.269687747
2001-09-01,58.26700000000000,0.26485
2001-10-01,56.36782608695650,0.256217391
2001-11-01,58.84772727272730,0.267489669
2001-12-01,56.58523809523810,0.257205628
2002-01-01,58.24304347826090,0.264741107
2002-02-01,59.11600000000000,0.268709091
2002-03-01,64.07047619047620,0.291229437
2002-04-01,65.33681818181820,0.296985537
2002-05-01,61.46043478260870,0.279365613
2002-06-01,58.55550000000000,0.266161364
2002-07-01,56.47739130434780,0.256715415
2002-08-01,54.36409090909090,0.247109504
2002-09-01,60.66619047619050,0.275755411
2002-10-01,65.73086956521740,0.29877668
2002-11-01,69.86809523809520,0.317582251
2002-12-01,63.65590909090910,0.289345041
2003-01-01,65.38347826086960,0.297197628
2003-02-01,66.40850000000000,0.301856818
2003-03-01,61.74809523809520,0.28067316
2003-04-01,64.69227272727270,0.294055785
2003-05-01,66.09681818181820,0.300440083
2003-06-01,61.04666666666670,0.277484848
2003-07-01,62.95130434782610,0.286142292
2003-08-01,63.89142857142860,0.290415584
2003-09-01,66.41045454545460,0.301865702
2003-10-01,64.28347826086960,0.292197628
2003-11-01,62.27750000000000,0.283079545
2003-12-01,64.88434782608700,0.294928854
2004-01-01,72.02863636363640,0.327402893
2004-02-01,76.22550000000000,0.346479545
2004-03-01,78.05913043478260,0.354814229
2004-04-01,75.53772727272730,0.343353306
2004-05-01,77.44000000000000,0.352
2004-06-01,82.21454545454540,0.373702479
2004-07-01,74.96772727272730,0.340762397
2004-08-01,73.60818181818180,0.334582645
2004-09-01,80.46590909090910,0.365754132
2004-10-01,80.55095238095240,0.366140693
2004-11-01,90.26772727272730,0.410307851
2004-12-01,104.38826086956500,0.474492095
2005-01-01,107.16428571428600,0.48711039
2005-02-01,120.83250000000000,0.549238636
2005-03-01,134.77782608695700,0.612626482
2005-04-01,129.52952380952400,0.588770563
2005-05-01,128.39772727272700,0.583626033
2005-06-01,121.15590909090900,0.550708678
2005-07-01,109.92857142857100,0.499675325
2005-08-01,108.20391304347800,0.491835968
2005-09-01,99.49090909090910,0.452231405
2005-10-01,105.09904761904800,0.477722944
2005-11-01,107.74227272727300,0.489737603
2005-12-01,105.92454545454500,0.481475207
2006-01-01,124.19863636363600,0.564539256
2006-02-01,119.12150000000000,0.541461364
2006-03-01,113.66043478260900,0.51663834
2006-04-01,115.33750000000000,0.524261364
2006-05-01,109.62956521739100,0.498316206
2006-06-01,103.14954545454600,0.46886157
2006-07-01,104.99761904761900,0.477261905
2006-08-01,111.73000000000000,0.507863636
2006-09-01,109.82666666666700,0.499212121
2006-10-01,110.63318181818200,0.502878099
2006-11-01,122.26545454545500,0.555752066
2006-12-01,128.35619047619100,0.583437229
2007-01-01,124.69434782608700,0.56679249
2007-02-01,122.03200000000000,0.554690909
2007-03-01,117.08363636363600,0.532198347
2007-04-01,114.69476190476200,0.521339827
2007-05-01,113.32695652173900,0.51512253
2007-06-01,119.32809523809500,0.542400433
2007-07-01,117.63318181818200,0.534696281
2007-08-01,123.15086956521700,0.55977668
2007-09-01,128.04350000000000,0.582015909
2007-10-01,134.29086956521700,0.610413043
2007-11-01,131.04545454545500,0.595661157
2007-12-01,138.04285714285700,0.627467532
2008-01-01,139.82260869565200,0.635557312
2008-02-01,157.28952380952400,0.714952381
2008-03-01,149.22047619047600,0.678274892
2008-04-01,140.70454545454500,0.639566116
2008-05-01,142.04363636363600,0.645652893
2008-06-01,146.14952380952400,0.664316017
2008-07-01,147.35695652173900,0.669804348
2008-08-01,146.42809523809500,0.665582251
2008-09-01,143.26909090909100,0.65122314
2008-10-01,123.58695652173900,0.561758893
2008-11-01,121.88600000000000,0.554027273
2008-12-01,118.79217391304300,0.539964427
2009-01-01,127.80727272727300,0.580942149
2009-02-01,129.48150000000000,0.588552273
2009-03-01,128.52000000000000,0.584181818
2009-04-01,135.07818181818200,0.613991736
2009-05-01,150.49238095238100,0.684056277
2009-06-01,149.78136363636400,0.68082438
2009-07-01,140.89782608695700,0.640444664
2009-08-01,149.76190476190500,0.680735931
2009-09-01,148.51000000000000,0.675045455
2009-10-01,154.57227272727300,0.70260124
2009-11-01,152.21047619047600,0.691865801
2009-12-01,157.94391304347800,0.717926877
2010-01-01,158.65571428571400,0.721162338
2010-02-01,157.85650000000000,0.717529545
2010-03-01,164.50260869565200,0.74773913
2010-04-01,169.38954545454500,0.769952479
2010-05-01,173.36904761904800,0.788041126
2010-06-01,190.90318181818200,0.867741736
2010-07-01,203.21363636363600,0.923698347
2010-08-01,211.59000000000000,0.961772727
2010-09-01,222.71318181818200,1.012332645
2010-10-01,217.43904761904800,0.988359307
2010-11-01,233.51272727272700,1.061421488
2010-12-01,249.44391304347800,1.133835968
2011-01-01,263.76571428571400,1.198935065
2011-02-01,288.38850000000000,1.310856818
2011-03-01,292.06739130434800,1.327579051
2011-04-01,300.47714285714300,1.365805195
2011-05-01,291.06590909090900,1.32302686
2011-06-01,274.98090909090900,1.249913223
2011-07-01,268.02142857142900,1.218279221
2011-08-01,270.44043478260900,1.229274704
2011-09-01,274.88045454545400,1.249456612
2011-10-01,247.82380952381000,1.126471861
2011-11-01,245.08727272727300,1.114033058
2011-12-01,236.29772727272700,1.074080579
2012-01-01,237.20681818181800,1.07821281
2012-02-01,224.15761904761900,1.018898268
2012-03-01,201.25590909090900,0.914799587
2012-04-01,191.44857142857100,0.870220779
2012-05-01,184.36478260869600,0.838021739
2012-06-01,168.68666666666700,0.766757576
2012-07-01,190.44590909090900,0.865663223
2012-08-01,174.82434782608700,0.794656126
2012-09-01,178.97700000000000,0.813531818
2012-10-01,173.31739130434800,0.787806324
2012-11-01,159.90636363636400,0.726847107
2012-12-01,152.70761904761900,0.694125541
2013-01-01,157.03739130434800,0.713806324
2013-02-01,149.45900000000000,0.679359091
2013-03-01,149.80809523809500,0.680945887
2013-04-01,149.78681818181800,0.680849174
2013-05-01,147.18608695652200,0.669027668
2013-06-01,138.25950000000000,0.628452273
2013-07-01,138.38739130434800,0.629033597
2013-08-01,135.15409090909100,0.614336777
2013-09-01,132.28142857142900,0.601279221
2013-10-01,128.69869565217400,0.584994071
2013-11-01,122.01809523809500,0.554627706
2013-12-01,125.73545454545500,0.571524793
2014-01-01,132.51826086956500,0.602355731
2014-02-01,173.64350000000000,0.789288636
2014-03-01,214.08666666666700,0.973121212
2014-04-01,223.49409090909100,1.015882231
2014-05-01,214.20272727272700,0.97364876
2014-06-01,197.89095238095200,0.899504329
2014-07-01,196.89521739130400,0.894978261
2014-08-01,212.96523809523800,0.96802381
2014-09-01,210.52636363636400,0.956938017
2014-10-01,225.28565217391300,1.024025692
2014-11-01,209.37600000000000,0.951709091
2014-12-01,193.38608695652200,0.879027668
2015-01-01,189.62636363636400,0.861938017
2015-02-01,178.88850000000000,0.813129545
2015-03-01,160.73590909090900,0.730617769
2015-04-01,163.99772727272700,0.745444215
2015-05-01,158.48285714285700,0.720376623
2015-06-01,159.75500000000000,0.726159091
2015-07-01,154.44652173913000,0.702029644
2015-08-01,156.92333333333300,0.713287879
2015-09-01,146.14681818181800,0.664303719
2015-10-01,153.25045454545400,0.696592975
2015-11-01,147.97857142857100,0.67262987
2015-12-01,148.61217391304400,0.675509881
2016-01-01,145.43476190476200,0.6610671
2016-02-01,147.69714285714300,0.671350649
2016-03-01,157.63130434782600,0.716505929
2016-04-01,154.21761904761900,0.700989177
2016-05-01,155.19454545454600,0.705429752
2016-06-01,165.45227272727300,0.752055785
2016-07-01,171.76380952380900,0.780744589
2016-08-01,167.54130434782600,0.761551383
2016-09-01,176.29545454545500,0.801342975
2016-10-01,178.95523809523800,0.8134329
2016-11-01,184.11545454545400,0.83688843
2016-12-01,161.78090909090900,0.735367769
2017-01-01,168.61272727272700,0.766421488
2017-02-01,166.35100000000000,0.756140909
2017-03-01,160.15043478260900,0.727956522
2017-04-01,155.57400000000000,0.707154545
2017-05-01,150.00000000000000,0.681818182
2017-06-01,143.22272727272700,0.651012397
2017-07-01,149.80285714285700,0.680922078
2017-08-01,149.87739130434800,0.68126087
2017-09-01,146.56047619047600,0.666183983
2017-10-01,140.70954545454500,0.639588843
2017-11-01,140.90409090909100,0.64047314
2017-12-01,137.30619047619000,0.624119048
2018-01-01,138.87608695652200,0.631254941
2018-02-01,136.28350000000000,0.619470455
2018-03-01,134.93909090909100,0.613359504
2018-04-01,134.33952380952400,0.610634199
2018-05-01,135.60956521739100,0.616407115
2018-06-01,134.03380952381000,0.609244589
2018-07-01,130.59863636363600,0.593630165
2018-08-01,125.21086956521700,0.569140316
2018-09-01,121.18000000000000,0.550818182
2018-10-01,137.34173913043500,0.624280632
2018-11-01,137.10772727272700,0.623216942
2018-12-01,127.05857142857100,0.577538961
2019-01-01,128.35739130434800,0.583442688
2019-02-01,128.45400000000000,0.583881818
2019-03-01,123.88857142857100,0.56312987
2019-04-01,120.99045454545400,0.549956612
2019-05-01,120.54913043478300,0.547950593
2019-06-01,129.72350000000000,0.589652273
2019-07-01,135.47043478260900,0.615774704
2019-08-01,126.27954545454500,0.573997934
2019-09-01,128.89428571428600,0.585883117
2019-10-01,127.05130434782600,0.577505929
2019-11-01,140.98142857142900,0.640824675
2019-12-01,156.02909090909100,0.70922314
2020-01-01,142.93652173913000,0.649711462
2020-02-01,135.50050000000000,0.615911364
2020-03-01,148.32727272727300,0.674214876
2020-04-01,154.63045454545500,0.702865702
2020-05-01,149.91619047619100,0.681437229
2020-06-01,141.52000000000000,0.643272727
2020-07-01,146.78086956521700,0.667185771
2020-08-01,163.07142857142900,0.741233766
2020-09-01,166.56454545454600,0.75711157
2020-10-01,152.05681818181800,0.691167355
2020-11-01,150.72619047619100,0.685119048
2020-12-01,157.95260869565200,0.717966403
2021-01-01,160.81952380952400,0.730997835
2021-02-01,166.42900000000000,0.756495455
2021-03-01,167.05086956521700,0.759322134
2021-04-01,168.64863636363600,0.766584711
2021-05-01,186.46285714285700,0.847558442
2021-06-01,192.06454545454600,0.873020661
2021-07-01,204.50090909090900,0.929549587
2021-08-01,216.43454545454600,0.983793388
2021-09-01,225.53681818181800,1.025167355
2021-10-01,241.07333333333300,1.095787879
2021-11-01,258.97818181818200,1.177173554
2021-12-01,268.32913043478300,1.219677866
2022-01-01,271.08142857142900,1.232188312
2022-02-01,279.83350000000000,1.271970455
2022-03-01,258.99347826087000,1.177243083
2022-04-01,265.39761904761900,1.206352814
2022-05-01,260.44954545454600,1.18386157
2022-06-01,273.76363636363600,1.244380165
2022-07-01,255.90666666666700,1.163212121
2022-08-01,268.48347826087000,1.220379447
2022-09-01,267.49227272727300,1.215873967
2022-10-01,240.08238095238100,1.09128355
2022-11-01,213.71818181818200,0.971446281
2022-12-01,210.38863636363600,0.956311983
2023-01-01,206.76000000000000,0.939818182
2023-02-01,229.50600000000000,1.043209091
2023-03-01,222.66391304347800,1.012108696
2023-04-01,229.95550000000000,1.045252273
2023-05-01,220.12130434782600,1.000551383
2023-06-01,207.38500000000000,0.942659091
2023-07-01,193.49428571428600,0.879519481
2023-08-01,186.34695652173900,0.847031621
2023-09-01,183.58904761904800,0.834495671
2023-10-01,183.95136363636400,0.836142562
2023-11-01,197.43318181818200,0.897423554
2023-12-01,210.31047619047600,0.95595671
2024-01-01,203.87913043478300,0.92672332
2024-02-01,208.78333333333300,0.949015152
2024-03-01,208.91333333333300,0.949606061
2024-04-01,239.86636363636400,1.090301653
2024-05-01,232.34260869565200,1.056102767
2024-06-01,248.40500000000000,1.129113636
2024-07-01,257.09869565217400,1.168630435
2024-08-01,261.43772727272700,1.188353306
2024-09-01,278.76047619047600,1.267093074
2024-10-01,276.77739130434800,1.258079051
2024-11-01,304.95285714285700,1.386149351
2024-12-01,344.11863636363600,1.56417562
2025-01-01,353.93347826087000,1.608788538
2025-02-01,409.51650000000000,1.861438636
2025-03-01,404.21047619047600,1.837320346
2025-04-01,392.91272727272700,1.785966942
2025-05-01,397.58863636363600,1.807221074
2025-06-01,363.16238095238100,1.650738095
2025-07-01,316.72565217391300,1.439662055
2025-08-01,365.68571428571400,1.662207792
2025-09-01,399.55136363636400,1.816142562
2025-10-01,403.79260869565200,1.835420949
2025-11-01,409.67900000000000,1.862177273
2025-12-01,380.41727272727300,1.729169421
2026-01-01,363.91045454545500,1.65413843
2026-02-01,321.35250000000000,1.460693182
2026-03-01,334.11181818181800,1.518690083
2026-04-01,331.22272727272700,1.505557851
2026-05-01,315.05952380952400,1.432088745
2026-06-01,307.82636363636400,1.399210744
2026-07-01,359.16227272727300,1.632555785
