value,airpol,year,geo
64.3,CH4,2013,AT
69.5,CH4,2013,BE
31.0,CH4,2013,BG
83.5,CH4,2013,CH
35.8,CH4,2013,CY
28.9,CH4,2013,CZ
62.8,CH4,2013,DE
86.8,CH4,2013,DK
63.2,CH4,2013,EE
45.3,CH4,2013,EL
54.9,CH4,2013,ES
54.3,CH4,2013,EU27_2020
50.2,CH4,2013,FI
69.7,CH4,2013,FR
38.6,CH4,2013,HR
28.1,CH4,2013,HU
93.4,CH4,2013,IE
57.7,CH4,2013,IS
42.5,CH4,2013,IT
57.9,CH4,2013,LT
73.6,CH4,2013,LU
51.5,CH4,2013,LV
28.4,CH4,2013,MT
63.9,CH4,2013,NL
50.6,CH4,2013,NO
33.8,CH4,2013,PL
45.1,CH4,2013,PT
43.3,CH4,2013,RO
66.3,CH4,2013,SE
53.1,CH4,2013,SI
26.3,CH4,2013,SK
55.4,CH4,2013,TR
64.3,CH4_CO2E,2013,AT
69.5,CH4_CO2E,2013,BE
31.0,CH4_CO2E,2013,BG
83.5,CH4_CO2E,2013,CH
35.8,CH4_CO2E,2013,CY
28.9,CH4_CO2E,2013,CZ
62.8,CH4_CO2E,2013,DE
86.8,CH4_CO2E,2013,DK
63.2,CH4_CO2E,2013,EE
45.3,CH4_CO2E,2013,EL
54.9,CH4_CO2E,2013,ES
54.3,CH4_CO2E,2013,EU27_2020
50.2,CH4_CO2E,2013,FI
69.7,CH4_CO2E,2013,FR
38.6,CH4_CO2E,2013,HR
28.1,CH4_CO2E,2013,HU
93.4,CH4_CO2E,2013,IE
57.7,CH4_CO2E,2013,IS
42.5,CH4_CO2E,2013,IT
57.9,CH4_CO2E,2013,LT
73.6,CH4_CO2E,2013,LU
51.5,CH4_CO2E,2013,LV
28.3,CH4_CO2E,2013,MT
63.9,CH4_CO2E,2013,NL
50.6,CH4_CO2E,2013,NO
33.8,CH4_CO2E,2013,PL
45.1,CH4_CO2E,2013,PT
43.3,CH4_CO2E,2013,RO
66.3,CH4_CO2E,2013,SE
53.1,CH4_CO2E,2013,SI
26.3,CH4_CO2E,2013,SK
55.4,CH4_CO2E,2013,TR
0.2,CO2,2013,AT
0.2,CO2,2013,BE
0.2,CO2,2013,BG
0.1,CO2,2013,CH
0.0,CO2,2013,CY
0.3,CO2,2013,CZ
0.3,CO2,2013,DE
0.6,CO2,2013,DK
0.0,CO2,2013,EE
0.0,CO2,2013,EL
0.2,CO2,2013,ES
0.3,CO2,2013,EU27_2020
0.6,CO2,2013,FI
0.5,CO2,2013,FR
0.4,CO2,2013,HR
0.4,CO2,2013,HU
1.5,CO2,2013,IE
0.1,CO2,2013,IS
0.1,CO2,2013,IT
0.4,CO2,2013,LT
0.1,CO2,2013,LU
0.2,CO2,2013,LV
0.0,CO2,2013,MT
0.1,CO2,2013,NL
0.2,CO2,2013,NO
0.4,CO2,2013,PL
0.1,CO2,2013,PT
0.1,CO2,2013,RO
0.3,CO2,2013,SE
0.2,CO2,2013,SI
0.2,CO2,2013,SK
0.2,CO2,2013,TR
9.4,GHG,2013,AT
7.5,GHG,2013,BE
10.3,GHG,2013,BG
11.7,GHG,2013,CH
5.7,GHG,2013,CY
6.0,GHG,2013,CZ
6.6,GHG,2013,DE
22.4,GHG,2013,DK
6.5,GHG,2013,EE
8.5,GHG,2013,EL
9.8,GHG,2013,ES
9.7,GHG,2013,EU27_2020
10.4,GHG,2013,FI
15.1,GHG,2013,FR
10.8,GHG,2013,HR
10.4,GHG,2013,HU
32.4,GHG,2013,IE
14.7,GHG,2013,IS
6.8,GHG,2013,IT
20.2,GHG,2013,LT
6.0,GHG,2013,LU
17.7,GHG,2013,LV
2.7,GHG,2013,MT
9.4,GHG,2013,NL
8.4,GHG,2013,NO
8.3,GHG,2013,PL
10.7,GHG,2013,PT
16.8,GHG,2013,RO
11.5,GHG,2013,SE
9.1,GHG,2013,SI
5.9,GHG,2013,SK
13.2,GHG,2013,TR
72.8,N2O,2013,AT
61.3,N2O,2013,BE
86.0,N2O,2013,BG
54.9,N2O,2013,CH
71.9,N2O,2013,CY
75.5,N2O,2013,CZ
75.1,N2O,2013,DE
90.6,N2O,2013,DK
85.8,N2O,2013,EE
79.9,N2O,2013,EL
57.8,N2O,2013,ES
74.0,N2O,2013,EU27_2020
80.2,N2O,2013,FI
76.4,N2O,2013,FR
65.6,N2O,2013,HR
82.6,N2O,2013,HU
91.2,N2O,2013,IE
90.0,N2O,2013,IS
57.0,N2O,2013,IT
80.2,N2O,2013,LT
66.0,N2O,2013,LU
80.4,N2O,2013,LV
73.3,N2O,2013,MT
65.4,N2O,2013,NL
72.9,N2O,2013,NO
80.7,N2O,2013,PL
64.8,N2O,2013,PT
84.9,N2O,2013,RO
72.6,N2O,2013,SE
68.4,N2O,2013,SI
65.8,N2O,2013,SK
78.7,N2O,2013,TR
72.8,N2O_CO2E,2013,AT
61.2,N2O_CO2E,2013,BE
85.9,N2O_CO2E,2013,BG
54.9,N2O_CO2E,2013,CH
72.4,N2O_CO2E,2013,CY
75.5,N2O_CO2E,2013,CZ
75.1,N2O_CO2E,2013,DE
90.6,N2O_CO2E,2013,DK
85.9,N2O_CO2E,2013,EE
79.9,N2O_CO2E,2013,EL
57.8,N2O_CO2E,2013,ES
74.0,N2O_CO2E,2013,EU27_2020
80.2,N2O_CO2E,2013,FI
76.4,N2O_CO2E,2013,FR
65.6,N2O_CO2E,2013,HR
82.6,N2O_CO2E,2013,HU
91.2,N2O_CO2E,2013,IE
90.3,N2O_CO2E,2013,IS
57.0,N2O_CO2E,2013,IT
80.1,N2O_CO2E,2013,LT
66.2,N2O_CO2E,2013,LU
80.4,N2O_CO2E,2013,LV
68.5,N2O_CO2E,2013,MT
65.4,N2O_CO2E,2013,NL
72.9,N2O_CO2E,2013,NO
80.7,N2O_CO2E,2013,PL
64.8,N2O_CO2E,2013,PT
84.9,N2O_CO2E,2013,RO
72.6,N2O_CO2E,2013,SE
68.5,N2O_CO2E,2013,SI
65.8,N2O_CO2E,2013,SK
78.7,N2O_CO2E,2013,TR
66.1,CH4,2014,AT
71.3,CH4,2014,BE
31.9,CH4,2014,BG
84.3,CH4,2014,CH
34.9,CH4,2014,CY
29.4,CH4,2014,CZ
65.3,CH4,2014,DE
87.3,CH4,2014,DK
65.8,CH4,2014,EE
44.6,CH4,2014,EL
57.4,CH4,2014,ES
55.7,CH4,2014,EU27_2020
52.1,CH4,2014,FI
72.1,CH4,2014,FR
38.5,CH4,2014,HR
29.5,CH4,2014,HU
92.4,CH4,2014,IE
59.3,CH4,2014,IS
42.7,CH4,2014,IT
58.8,CH4,2014,LT
74.0,CH4,2014,LU
52.1,CH4,2014,LV
25.8,CH4,2014,MT
65.9,CH4,2014,NL
51.8,CH4,2014,NO
34.5,CH4,2014,PL
45.7,CH4,2014,PT
44.3,CH4,2014,RO
68.3,CH4,2014,SE
57.1,CH4,2014,SI
27.6,CH4,2014,SK
54.0,CH4,2014,TR
66.1,CH4_CO2E,2014,AT
71.3,CH4_CO2E,2014,BE
31.9,CH4_CO2E,2014,BG
84.3,CH4_CO2E,2014,CH
34.9,CH4_CO2E,2014,CY
29.4,CH4_CO2E,2014,CZ
65.3,CH4_CO2E,2014,DE
87.3,CH4_CO2E,2014,DK
65.8,CH4_CO2E,2014,EE
44.6,CH4_CO2E,2014,EL
57.4,CH4_CO2E,2014,ES
55.7,CH4_CO2E,2014,EU27_2020
52.1,CH4_CO2E,2014,FI
72.1,CH4_CO2E,2014,FR
38.5,CH4_CO2E,2014,HR
29.5,CH4_CO2E,2014,HU
92.4,CH4_CO2E,2014,IE
59.3,CH4_CO2E,2014,IS
42.7,CH4_CO2E,2014,IT
58.8,CH4_CO2E,2014,LT
74.0,CH4_CO2E,2014,LU
52.1,CH4_CO2E,2014,LV
25.8,CH4_CO2E,2014,MT
65.9,CH4_CO2E,2014,NL
51.8,CH4_CO2E,2014,NO
34.5,CH4_CO2E,2014,PL
45.7,CH4_CO2E,2014,PT
44.3,CH4_CO2E,2014,RO
68.3,CH4_CO2E,2014,SE
57.1,CH4_CO2E,2014,SI
27.6,CH4_CO2E,2014,SK
54.0,CH4_CO2E,2014,TR
0.2,CO2,2014,AT
0.2,CO2,2014,BE
0.2,CO2,2014,BG
0.1,CO2,2014,CH
0.0,CO2,2014,CY
0.3,CO2,2014,CZ
0.4,CO2,2014,DE
0.6,CO2,2014,DK
0.0,CO2,2014,EE
0.0,CO2,2014,EL
0.3,CO2,2014,ES
0.3,CO2,2014,EU27_2020
0.5,CO2,2014,FI
0.6,CO2,2014,FR
0.4,CO2,2014,HR
0.4,CO2,2014,HU
1.2,CO2,2014,IE
0.1,CO2,2014,IS
0.1,CO2,2014,IT
0.6,CO2,2014,LT
0.1,CO2,2014,LU
0.3,CO2,2014,LV
0.0,CO2,2014,MT
0.1,CO2,2014,NL
0.2,CO2,2014,NO
0.4,CO2,2014,PL
0.1,CO2,2014,PT
0.1,CO2,2014,RO
0.3,CO2,2014,SE
0.2,CO2,2014,SI
0.2,CO2,2014,SK
0.2,CO2,2014,TR
10.0,GHG,2014,AT
8.0,GHG,2014,BE
10.5,GHG,2014,BG
12.8,GHG,2014,CH
5.3,GHG,2014,CY
5.6,GHG,2014,CZ
7.0,GHG,2014,DE
24.4,GHG,2014,DK
7.0,GHG,2014,EE
8.4,GHG,2014,EL
10.2,GHG,2014,ES
10.2,GHG,2014,EU27_2020
11.2,GHG,2014,FI
16.6,GHG,2014,FR
10.9,GHG,2014,HR
10.7,GHG,2014,HU
32.6,GHG,2014,IE
15.5,GHG,2014,IS
7.0,GHG,2014,IT
21.4,GHG,2014,LT
6.3,GHG,2014,LU
18.6,GHG,2014,LV
2.6,GHG,2014,MT
9.9,GHG,2014,NL
8.5,GHG,2014,NO
8.6,GHG,2014,PL
10.9,GHG,2014,PT
16.9,GHG,2014,RO
12.0,GHG,2014,SE
10.2,GHG,2014,SI
6.7,GHG,2014,SK
12.7,GHG,2014,TR
73.1,N2O,2014,AT
62.7,N2O,2014,BE
86.9,N2O,2014,BG
57.6,N2O,2014,CH
71.4,N2O,2014,CY
69.7,N2O,2014,CZ
75.8,N2O,2014,DE
90.6,N2O,2014,DK
86.3,N2O,2014,EE
78.3,N2O,2014,EL
60.0,N2O,2014,ES
74.5,N2O,2014,EU27_2020
81.0,N2O,2014,FI
76.9,N2O,2014,FR
64.1,N2O,2014,HR
81.6,N2O,2014,HU
91.2,N2O,2014,IE
90.5,N2O,2014,IS
57.9,N2O,2014,IT
81.0,N2O,2014,LT
63.4,N2O,2014,LU
80.6,N2O,2014,LV
66.7,N2O,2014,MT
65.5,N2O,2014,NL
74.4,N2O,2014,NO
80.8,N2O,2014,PL
65.5,N2O,2014,PT
85.7,N2O,2014,RO
73.7,N2O,2014,SE
70.0,N2O,2014,SI
70.4,N2O,2014,SK
78.1,N2O,2014,TR
73.1,N2O_CO2E,2014,AT
62.7,N2O_CO2E,2014,BE
87.0,N2O_CO2E,2014,BG
57.6,N2O_CO2E,2014,CH
71.4,N2O_CO2E,2014,CY
69.7,N2O_CO2E,2014,CZ
75.8,N2O_CO2E,2014,DE
90.5,N2O_CO2E,2014,DK
86.4,N2O_CO2E,2014,EE
78.3,N2O_CO2E,2014,EL
60.0,N2O_CO2E,2014,ES
74.5,N2O_CO2E,2014,EU27_2020
81.1,N2O_CO2E,2014,FI
76.9,N2O_CO2E,2014,FR
64.1,N2O_CO2E,2014,HR
81.6,N2O_CO2E,2014,HU
91.2,N2O_CO2E,2014,IE
90.6,N2O_CO2E,2014,IS
57.9,N2O_CO2E,2014,IT
81.0,N2O_CO2E,2014,LT
62.9,N2O_CO2E,2014,LU
80.6,N2O_CO2E,2014,LV
67.4,N2O_CO2E,2014,MT
65.5,N2O_CO2E,2014,NL
74.3,N2O_CO2E,2014,NO
80.8,N2O_CO2E,2014,PL
65.5,N2O_CO2E,2014,PT
85.7,N2O_CO2E,2014,RO
73.7,N2O_CO2E,2014,SE
70.2,N2O_CO2E,2014,SI
70.4,N2O_CO2E,2014,SK
78.1,N2O_CO2E,2014,TR
67.1,CH4,2015,AT
72.2,CH4,2015,BE
31.4,CH4,2015,BG
84.5,CH4,2015,CH
34.7,CH4,2015,CY
29.8,CH4,2015,CZ
65.8,CH4,2015,DE
87.3,CH4,2015,DK
65.9,CH4,2015,EE
44.4,CH4,2015,EL
57.5,CH4,2015,ES
56.2,CH4,2015,EU27_2020
52.9,CH4,2015,FI
72.9,CH4,2015,FR
37.2,CH4,2015,HR
30.3,CH4,2015,HU
92.1,CH4,2015,IE
59.8,CH4,2015,IS
42.8,CH4,2015,IT
59.5,CH4,2015,LT
75.3,CH4,2015,LU
55.1,CH4,2015,LV
23.9,CH4,2015,MT
67.4,CH4,2015,NL
52.5,CH4,2015,NO
34.2,CH4,2015,PL
47.2,CH4,2015,PT
45.3,CH4,2015,RO
69.8,CH4,2015,SE
57.0,CH4,2015,SI
28.0,CH4,2015,SK
59.5,CH4,2015,TR
67.1,CH4_CO2E,2015,AT
72.2,CH4_CO2E,2015,BE
31.4,CH4_CO2E,2015,BG
84.5,CH4_CO2E,2015,CH
34.7,CH4_CO2E,2015,CY
29.8,CH4_CO2E,2015,CZ
65.8,CH4_CO2E,2015,DE
87.3,CH4_CO2E,2015,DK
65.9,CH4_CO2E,2015,EE
44.4,CH4_CO2E,2015,EL
57.5,CH4_CO2E,2015,ES
56.2,CH4_CO2E,2015,EU27_2020
52.9,CH4_CO2E,2015,FI
72.9,CH4_CO2E,2015,FR
37.2,CH4_CO2E,2015,HR
30.3,CH4_CO2E,2015,HU
92.1,CH4_CO2E,2015,IE
59.8,CH4_CO2E,2015,IS
42.8,CH4_CO2E,2015,IT
59.5,CH4_CO2E,2015,LT
75.2,CH4_CO2E,2015,LU
55.1,CH4_CO2E,2015,LV
23.9,CH4_CO2E,2015,MT
67.4,CH4_CO2E,2015,NL
52.5,CH4_CO2E,2015,NO
34.2,CH4_CO2E,2015,PL
47.2,CH4_CO2E,2015,PT
45.3,CH4_CO2E,2015,RO
69.8,CH4_CO2E,2015,SE
57.0,CH4_CO2E,2015,SI
28.0,CH4_CO2E,2015,SK
59.5,CH4_CO2E,2015,TR
0.2,CO2,2015,AT
0.2,CO2,2015,BE
0.1,CO2,2015,BG
0.1,CO2,2015,CH
0.0,CO2,2015,CY
0.4,CO2,2015,CZ
0.4,CO2,2015,DE
0.5,CO2,2015,DK
0.1,CO2,2015,EE
0.0,CO2,2015,EL
0.2,CO2,2015,ES
0.3,CO2,2015,EU27_2020
0.4,CO2,2015,FI
0.6,CO2,2015,FR
0.4,CO2,2015,HR
0.4,CO2,2015,HU
1.2,CO2,2015,IE
0.1,CO2,2015,IS
0.1,CO2,2015,IT
0.5,CO2,2015,LT
0.1,CO2,2015,LU
0.4,CO2,2015,LV
0.0,CO2,2015,MT
0.1,CO2,2015,NL
0.2,CO2,2015,NO
0.4,CO2,2015,PL
0.1,CO2,2015,PT
0.1,CO2,2015,RO
0.3,CO2,2015,SE
0.2,CO2,2015,SI
0.2,CO2,2015,SK
0.2,CO2,2015,TR
9.7,GHG,2015,AT
7.7,GHG,2015,BE
10.0,GHG,2015,BG
12.8,GHG,2015,CH
5.3,GHG,2015,CY
5.1,GHG,2015,CZ
6.9,GHG,2015,DE
25.4,GHG,2015,DK
8.0,GHG,2015,EE
8.5,GHG,2015,EL
10.1,GHG,2015,ES
10.1,GHG,2015,EU27_2020
11.8,GHG,2015,FI
16.4,GHG,2015,FR
10.9,GHG,2015,HR
10.5,GHG,2015,HU
32.1,GHG,2015,IE
15.1,GHG,2015,IS
6.9,GHG,2015,IT
21.4,GHG,2015,LT
6.7,GHG,2015,LU
19.3,GHG,2015,LV
3.4,GHG,2015,MT
9.8,GHG,2015,NL
8.6,GHG,2015,NO
8.3,GHG,2015,PL
10.3,GHG,2015,PT
17.1,GHG,2015,RO
12.1,GHG,2015,SE
10.4,GHG,2015,SI
5.3,GHG,2015,SK
12.2,GHG,2015,TR
71.5,N2O,2015,AT
63.0,N2O,2015,BE
86.5,N2O,2015,BG
55.7,N2O,2015,CH
70.7,N2O,2015,CY
60.0,N2O,2015,CZ
74.9,N2O,2015,DE
89.7,N2O,2015,DK
86.5,N2O,2015,EE
77.9,N2O,2015,EL
59.6,N2O,2015,ES
73.8,N2O,2015,EU27_2020
80.6,N2O,2015,FI
76.1,N2O,2015,FR
63.5,N2O,2015,HR
81.7,N2O,2015,HU
90.8,N2O,2015,IE
89.4,N2O,2015,IS
57.7,N2O,2015,IT
83.8,N2O,2015,LT
60.2,N2O,2015,LU
81.5,N2O,2015,LV
66.7,N2O,2015,MT
65.8,N2O,2015,NL
74.1,N2O,2015,NO
80.3,N2O,2015,PL
64.0,N2O,2015,PT
86.4,N2O,2015,RO
73.8,N2O,2015,SE
67.4,N2O,2015,SI
56.7,N2O,2015,SK
77.6,N2O,2015,TR
71.5,N2O_CO2E,2015,AT
63.0,N2O_CO2E,2015,BE
86.4,N2O_CO2E,2015,BG
55.7,N2O_CO2E,2015,CH
71.3,N2O_CO2E,2015,CY
60.0,N2O_CO2E,2015,CZ
74.9,N2O_CO2E,2015,DE
89.7,N2O_CO2E,2015,DK
86.5,N2O_CO2E,2015,EE
77.9,N2O_CO2E,2015,EL
59.6,N2O_CO2E,2015,ES
73.8,N2O_CO2E,2015,EU27_2020
80.6,N2O_CO2E,2015,FI
76.1,N2O_CO2E,2015,FR
63.5,N2O_CO2E,2015,HR
81.7,N2O_CO2E,2015,HU
90.8,N2O_CO2E,2015,IE
89.4,N2O_CO2E,2015,IS
57.7,N2O_CO2E,2015,IT
83.8,N2O_CO2E,2015,LT
60.3,N2O_CO2E,2015,LU
81.4,N2O_CO2E,2015,LV
68.0,N2O_CO2E,2015,MT
65.8,N2O_CO2E,2015,NL
74.1,N2O_CO2E,2015,NO
80.3,N2O_CO2E,2015,PL
64.0,N2O_CO2E,2015,PT
86.4,N2O_CO2E,2015,RO
73.8,N2O_CO2E,2015,SE
67.5,N2O_CO2E,2015,SI
56.7,N2O_CO2E,2015,SK
77.6,N2O_CO2E,2015,TR
68.1,CH4,2016,AT
72.9,CH4,2016,BE
32.0,CH4,2016,BG
84.6,CH4,2016,CH
36.0,CH4,2016,CY
30.5,CH4,2016,CZ
67.4,CH4,2016,DE
87.1,CH4,2016,DK
66.8,CH4,2016,EE
45.1,CH4,2016,EL
59.1,CH4,2016,ES
56.9,CH4,2016,EU27_2020
54.5,CH4,2016,FI
72.5,CH4,2016,FR
37.2,CH4,2016,HR
31.3,CH4,2016,HU
92.3,CH4,2016,IE
60.3,CH4,2016,IS
43.8,CH4,2016,IT
59.1,CH4,2016,LT
76.3,CH4,2016,LU
54.6,CH4,2016,LV
22.4,CH4,2016,MT
69.1,CH4,2016,NL
53.9,CH4,2016,NO
34.1,CH4,2016,PL
47.9,CH4,2016,PT
45.6,CH4,2016,RO
70.8,CH4,2016,SE
56.6,CH4,2016,SI
27.4,CH4,2016,SK
56.4,CH4,2016,TR
68.1,CH4_CO2E,2016,AT
72.9,CH4_CO2E,2016,BE
32.0,CH4_CO2E,2016,BG
84.6,CH4_CO2E,2016,CH
35.9,CH4_CO2E,2016,CY
30.5,CH4_CO2E,2016,CZ
67.4,CH4_CO2E,2016,DE
87.1,CH4_CO2E,2016,DK
66.8,CH4_CO2E,2016,EE
45.1,CH4_CO2E,2016,EL
59.1,CH4_CO2E,2016,ES
56.9,CH4_CO2E,2016,EU27_2020
54.6,CH4_CO2E,2016,FI
72.5,CH4_CO2E,2016,FR
37.2,CH4_CO2E,2016,HR
31.3,CH4_CO2E,2016,HU
92.3,CH4_CO2E,2016,IE
60.4,CH4_CO2E,2016,IS
43.8,CH4_CO2E,2016,IT
59.1,CH4_CO2E,2016,LT
76.3,CH4_CO2E,2016,LU
54.6,CH4_CO2E,2016,LV
22.5,CH4_CO2E,2016,MT
69.1,CH4_CO2E,2016,NL
53.9,CH4_CO2E,2016,NO
34.1,CH4_CO2E,2016,PL
47.9,CH4_CO2E,2016,PT
45.6,CH4_CO2E,2016,RO
70.8,CH4_CO2E,2016,SE
56.6,CH4_CO2E,2016,SI
27.4,CH4_CO2E,2016,SK
56.4,CH4_CO2E,2016,TR
0.2,CO2,2016,AT
0.2,CO2,2016,BE
0.2,CO2,2016,BG
0.1,CO2,2016,CH
0.0,CO2,2016,CY
0.4,CO2,2016,CZ
0.4,CO2,2016,DE
0.6,CO2,2016,DK
0.1,CO2,2016,EE
0.0,CO2,2016,EL
0.2,CO2,2016,ES
0.3,CO2,2016,EU27_2020
0.5,CO2,2016,FI
0.6,CO2,2016,FR
0.4,CO2,2016,HR
0.4,CO2,2016,HU
1.3,CO2,2016,IE
0.1,CO2,2016,IS
0.2,CO2,2016,IT
0.4,CO2,2016,LT
0.1,CO2,2016,LU
0.4,CO2,2016,LV
0.0,CO2,2016,MT
0.1,CO2,2016,NL
0.2,CO2,2016,NO
0.4,CO2,2016,PL
0.1,CO2,2016,PT
0.2,CO2,2016,RO
0.3,CO2,2016,SE
0.2,CO2,2016,SI
0.2,CO2,2016,SK
0.3,CO2,2016,TR
9.8,GHG,2016,AT
7.8,GHG,2016,BE
11.0,GHG,2016,BG
12.7,GHG,2016,CH
5.3,GHG,2016,CY
5.7,GHG,2016,CZ
6.9,GHG,2016,DE
24.8,GHG,2016,DK
7.1,GHG,2016,EE
8.8,GHG,2016,EL
10.5,GHG,2016,ES
10.2,GHG,2016,EU27_2020
11.3,GHG,2016,FI
16.1,GHG,2016,FR
10.6,GHG,2016,HR
10.9,GHG,2016,HU
31.8,GHG,2016,IE
15.1,GHG,2016,IS
7.2,GHG,2016,IT
20.9,GHG,2016,LT
7.0,GHG,2016,LU
19.2,GHG,2016,LV
4.0,GHG,2016,MT
10.0,GHG,2016,NL
8.8,GHG,2016,NO
8.2,GHG,2016,PL
10.6,GHG,2016,PT
17.2,GHG,2016,RO
12.1,GHG,2016,SE
9.9,GHG,2016,SI
6.3,GHG,2016,SK
12.1,GHG,2016,TR
71.2,N2O,2016,AT
64.0,N2O,2016,BE
87.7,N2O,2016,BG
57.5,N2O,2016,CH
69.5,N2O,2016,CY
67.8,N2O,2016,CZ
75.3,N2O,2016,DE
89.1,N2O,2016,DK
84.9,N2O,2016,EE
79.0,N2O,2016,EL
59.0,N2O,2016,ES
74.3,N2O,2016,EU27_2020
80.5,N2O,2016,FI
76.2,N2O,2016,FR
70.6,N2O,2016,HR
81.8,N2O,2016,HU
89.9,N2O,2016,IE
89.3,N2O,2016,IS
59.6,N2O,2016,IT
84.6,N2O,2016,LT
57.0,N2O,2016,LU
81.3,N2O,2016,LV
66.7,N2O,2016,MT
66.7,N2O,2016,NL
75.9,N2O,2016,NO
80.0,N2O,2016,PL
63.0,N2O,2016,PT
86.3,N2O,2016,RO
73.2,N2O,2016,SE
65.4,N2O,2016,SI
67.9,N2O,2016,SK
79.2,N2O,2016,TR
71.2,N2O_CO2E,2016,AT
64.0,N2O_CO2E,2016,BE
87.7,N2O_CO2E,2016,BG
57.5,N2O_CO2E,2016,CH
70.6,N2O_CO2E,2016,CY
67.8,N2O_CO2E,2016,CZ
75.3,N2O_CO2E,2016,DE
89.1,N2O_CO2E,2016,DK
84.8,N2O_CO2E,2016,EE
79.0,N2O_CO2E,2016,EL
59.1,N2O_CO2E,2016,ES
74.3,N2O_CO2E,2016,EU27_2020
80.5,N2O_CO2E,2016,FI
76.2,N2O_CO2E,2016,FR
70.6,N2O_CO2E,2016,HR
81.8,N2O_CO2E,2016,HU
89.9,N2O_CO2E,2016,IE
89.1,N2O_CO2E,2016,IS
59.6,N2O_CO2E,2016,IT
84.6,N2O_CO2E,2016,LT
57.3,N2O_CO2E,2016,LU
81.2,N2O_CO2E,2016,LV
67.5,N2O_CO2E,2016,MT
66.7,N2O_CO2E,2016,NL
75.8,N2O_CO2E,2016,NO
80.0,N2O_CO2E,2016,PL
63.0,N2O_CO2E,2016,PT
86.3,N2O_CO2E,2016,RO
73.3,N2O_CO2E,2016,SE
65.5,N2O_CO2E,2016,SI
67.9,N2O_CO2E,2016,SK
79.2,N2O_CO2E,2016,TR
68.7,CH4,2017,AT
73.2,CH4,2017,BE
32.1,CH4,2017,BG
84.8,CH4,2017,CH
36.3,CH4,2017,CY
31.5,CH4,2017,CZ
68.1,CH4,2017,DE
87.0,CH4,2017,DK
68.3,CH4,2017,EE
43.5,CH4,2017,EL
59.6,CH4,2017,ES
57.2,CH4,2017,EU27_2020
54.8,CH4,2017,FI
72.5,CH4,2017,FR
37.1,CH4,2017,HR
31.1,CH4,2017,HU
92.9,CH4,2017,IE
60.4,CH4,2017,IS
43.8,CH4,2017,IT
58.7,CH4,2017,LT
76.0,CH4,2017,LU
54.2,CH4,2017,LV
22.2,CH4,2017,MT
69.6,CH4,2017,NL
54.7,CH4,2017,NO
35.2,CH4,2017,PL
48.6,CH4,2017,PT
44.7,CH4,2017,RO
72.1,CH4,2017,SE
56.8,CH4,2017,SI
27.5,CH4,2017,SK
61.0,CH4,2017,TR
68.7,CH4_CO2E,2017,AT
73.2,CH4_CO2E,2017,BE
32.1,CH4_CO2E,2017,BG
84.8,CH4_CO2E,2017,CH
36.2,CH4_CO2E,2017,CY
31.5,CH4_CO2E,2017,CZ
68.1,CH4_CO2E,2017,DE
87.0,CH4_CO2E,2017,DK
68.3,CH4_CO2E,2017,EE
43.5,CH4_CO2E,2017,EL
59.6,CH4_CO2E,2017,ES
57.2,CH4_CO2E,2017,EU27_2020
54.8,CH4_CO2E,2017,FI
72.5,CH4_CO2E,2017,FR
37.1,CH4_CO2E,2017,HR
31.1,CH4_CO2E,2017,HU
92.9,CH4_CO2E,2017,IE
60.3,CH4_CO2E,2017,IS
43.8,CH4_CO2E,2017,IT
58.7,CH4_CO2E,2017,LT
75.9,CH4_CO2E,2017,LU
54.2,CH4_CO2E,2017,LV
22.3,CH4_CO2E,2017,MT
69.6,CH4_CO2E,2017,NL
54.7,CH4_CO2E,2017,NO
35.2,CH4_CO2E,2017,PL
48.6,CH4_CO2E,2017,PT
44.7,CH4_CO2E,2017,RO
72.1,CH4_CO2E,2017,SE
56.8,CH4_CO2E,2017,SI
27.5,CH4_CO2E,2017,SK
61.0,CH4_CO2E,2017,TR
0.2,CO2,2017,AT
0.2,CO2,2017,BE
0.2,CO2,2017,BG
0.1,CO2,2017,CH
0.0,CO2,2017,CY
0.4,CO2,2017,CZ
0.4,CO2,2017,DE
0.6,CO2,2017,DK
0.1,CO2,2017,EE
0.0,CO2,2017,EL
0.3,CO2,2017,ES
0.3,CO2,2017,EU27_2020
0.4,CO2,2017,FI
0.6,CO2,2017,FR
0.4,CO2,2017,HR
0.5,CO2,2017,HU
1.1,CO2,2017,IE
0.1,CO2,2017,IS
0.1,CO2,2017,IT
0.4,CO2,2017,LT
0.1,CO2,2017,LU
0.5,CO2,2017,LV
0.0,CO2,2017,MT
0.1,CO2,2017,NL
0.2,CO2,2017,NO
0.4,CO2,2017,PL
0.1,CO2,2017,PT
0.2,CO2,2017,RO
0.3,CO2,2017,SE
0.2,CO2,2017,SI
0.2,CO2,2017,SK
0.3,CO2,2017,TR
9.4,GHG,2017,AT
7.7,GHG,2017,BE
10.6,GHG,2017,BG
12.9,GHG,2017,CH
5.3,GHG,2017,CY
5.6,GHG,2017,CZ
7.0,GHG,2017,DE
26.0,GHG,2017,DK
7.0,GHG,2017,EE
8.5,GHG,2017,EL
10.2,GHG,2017,ES
10.1,GHG,2017,EU27_2020
11.6,GHG,2017,FI
16.0,GHG,2017,FR
10.6,GHG,2017,HR
10.5,GHG,2017,HU
33.1,GHG,2017,IE
15.0,GHG,2017,IS
7.1,GHG,2017,IT
20.5,GHG,2017,LT
6.8,GHG,2017,LU
19.1,GHG,2017,LV
3.6,GHG,2017,MT
10.1,GHG,2017,NL
8.8,GHG,2017,NO
8.2,GHG,2017,PL
10.0,GHG,2017,PT
16.8,GHG,2017,RO
12.5,GHG,2017,SE
9.7,GHG,2017,SI
5.5,GHG,2017,SK
12.4,GHG,2017,TR
69.2,N2O,2017,AT
63.8,N2O,2017,BE
87.7,N2O,2017,BG
55.9,N2O,2017,CH
70.5,N2O,2017,CY
68.4,N2O,2017,CZ
75.4,N2O,2017,DE
88.7,N2O,2017,DK
85.3,N2O,2017,EE
78.8,N2O,2017,EL
58.3,N2O,2017,ES
74.0,N2O,2017,EU27_2020
80.4,N2O,2017,FI
75.0,N2O,2017,FR
73.1,N2O,2017,HR
81.5,N2O,2017,HU
89.8,N2O,2017,IE
89.0,N2O,2017,IS
57.4,N2O,2017,IT
83.8,N2O,2017,LT
53.2,N2O,2017,LU
79.8,N2O,2017,LV
71.4,N2O,2017,MT
66.6,N2O,2017,NL
76.3,N2O,2017,NO
80.8,N2O,2017,PL
61.6,N2O,2017,PT
87.5,N2O,2017,RO
72.8,N2O,2017,SE
64.7,N2O,2017,SI
61.9,N2O,2017,SK
79.2,N2O,2017,TR
69.2,N2O_CO2E,2017,AT
63.8,N2O_CO2E,2017,BE
87.8,N2O_CO2E,2017,BG
55.9,N2O_CO2E,2017,CH
70.4,N2O_CO2E,2017,CY
68.4,N2O_CO2E,2017,CZ
75.4,N2O_CO2E,2017,DE
88.7,N2O_CO2E,2017,DK
85.2,N2O_CO2E,2017,EE
78.8,N2O_CO2E,2017,EL
58.3,N2O_CO2E,2017,ES
74.0,N2O_CO2E,2017,EU27_2020
80.3,N2O_CO2E,2017,FI
75.0,N2O_CO2E,2017,FR
73.2,N2O_CO2E,2017,HR
81.5,N2O_CO2E,2017,HU
89.9,N2O_CO2E,2017,IE
88.6,N2O_CO2E,2017,IS
57.4,N2O_CO2E,2017,IT
83.8,N2O_CO2E,2017,LT
53.4,N2O_CO2E,2017,LU
80.0,N2O_CO2E,2017,LV
69.0,N2O_CO2E,2017,MT
66.6,N2O_CO2E,2017,NL
76.2,N2O_CO2E,2017,NO
80.8,N2O_CO2E,2017,PL
61.6,N2O_CO2E,2017,PT
87.5,N2O_CO2E,2017,RO
72.8,N2O_CO2E,2017,SE
64.9,N2O_CO2E,2017,SI
61.9,N2O_CO2E,2017,SK
79.2,N2O_CO2E,2017,TR
70.0,CH4,2018,AT
74.2,CH4,2018,BE
33.0,CH4,2018,BG
85.2,CH4,2018,CH
36.3,CH4,2018,CY
32.4,CH4,2018,CZ
70.1,CH4,2018,DE
87.2,CH4,2018,DK
68.5,CH4,2018,EE
43.2,CH4,2018,EL
59.7,CH4,2018,ES
57.6,CH4,2018,EU27_2020
56.3,CH4,2018,FI
72.7,CH4,2018,FR
36.4,CH4,2018,HR
31.9,CH4,2018,HU
92.9,CH4,2018,IE
59.6,CH4,2018,IS
44.1,CH4,2018,IT
61.0,CH4,2018,LT
76.7,CH4,2018,LU
55.1,CH4,2018,LV
21.8,CH4,2018,MT
69.4,CH4,2018,NL
55.7,CH4,2018,NO
35.4,CH4,2018,PL
48.9,CH4,2018,PT
44.9,CH4,2018,RO
73.3,CH4,2018,SE
58.4,CH4,2018,SI
28.8,CH4,2018,SK
61.7,CH4,2018,TR
70.0,CH4_CO2E,2018,AT
74.2,CH4_CO2E,2018,BE
33.0,CH4_CO2E,2018,BG
85.2,CH4_CO2E,2018,CH
36.3,CH4_CO2E,2018,CY
32.4,CH4_CO2E,2018,CZ
70.1,CH4_CO2E,2018,DE
87.2,CH4_CO2E,2018,DK
68.5,CH4_CO2E,2018,EE
43.2,CH4_CO2E,2018,EL
59.7,CH4_CO2E,2018,ES
57.6,CH4_CO2E,2018,EU27_2020
56.3,CH4_CO2E,2018,FI
72.7,CH4_CO2E,2018,FR
36.4,CH4_CO2E,2018,HR
31.9,CH4_CO2E,2018,HU
92.9,CH4_CO2E,2018,IE
59.6,CH4_CO2E,2018,IS
44.1,CH4_CO2E,2018,IT
61.0,CH4_CO2E,2018,LT
76.7,CH4_CO2E,2018,LU
55.1,CH4_CO2E,2018,LV
21.9,CH4_CO2E,2018,MT
69.4,CH4_CO2E,2018,NL
55.7,CH4_CO2E,2018,NO
35.4,CH4_CO2E,2018,PL
48.9,CH4_CO2E,2018,PT
44.9,CH4_CO2E,2018,RO
73.3,CH4_CO2E,2018,SE
58.4,CH4_CO2E,2018,SI
28.8,CH4_CO2E,2018,SK
61.7,CH4_CO2E,2018,TR
0.2,CO2,2018,AT
0.2,CO2,2018,BE
0.2,CO2,2018,BG
0.1,CO2,2018,CH
0.0,CO2,2018,CY
0.3,CO2,2018,CZ
0.4,CO2,2018,DE
0.7,CO2,2018,DK
0.1,CO2,2018,EE
0.0,CO2,2018,EL
0.2,CO2,2018,ES
0.3,CO2,2018,EU27_2020
0.4,CO2,2018,FI
0.7,CO2,2018,FR
0.4,CO2,2018,HR
0.4,CO2,2018,HU
1.4,CO2,2018,IE
0.1,CO2,2018,IS
0.1,CO2,2018,IT
0.4,CO2,2018,LT
0.1,CO2,2018,LU
0.6,CO2,2018,LV
0.0,CO2,2018,MT
0.1,CO2,2018,NL
0.2,CO2,2018,NO
0.4,CO2,2018,PL
0.1,CO2,2018,PT
0.2,CO2,2018,RO
0.3,CO2,2018,SE
0.2,CO2,2018,SI
0.2,CO2,2018,SK
0.3,CO2,2018,TR
9.6,GHG,2018,AT
7.6,GHG,2018,BE
11.2,GHG,2018,BG
13.2,GHG,2018,CH
5.5,GHG,2018,CY
4.9,GHG,2018,CZ
6.9,GHG,2018,DE
25.8,GHG,2018,DK
7.3,GHG,2018,EE
8.7,GHG,2018,EL
10.4,GHG,2018,ES
10.2,GHG,2018,EU27_2020
11.6,GHG,2018,FI
16.4,GHG,2018,FR
10.7,GHG,2018,HR
10.6,GHG,2018,HU
33.7,GHG,2018,IE
14.3,GHG,2018,IS
7.1,GHG,2018,IT
20.2,GHG,2018,LT
6.7,GHG,2018,LU
17.4,GHG,2018,LV
3.6,GHG,2018,MT
10.1,GHG,2018,NL
8.9,GHG,2018,NO
8.3,GHG,2018,PL
10.7,GHG,2018,PT
17.2,GHG,2018,RO
12.3,GHG,2018,SE
9.7,GHG,2018,SI
5.2,GHG,2018,SK
12.9,GHG,2018,TR
67.4,N2O,2018,AT
64.1,N2O,2018,BE
87.0,N2O,2018,BG
56.3,N2O,2018,CH
69.4,N2O,2018,CY
58.3,N2O,2018,CZ
73.5,N2O,2018,DE
87.7,N2O,2018,DK
84.6,N2O,2018,EE
78.1,N2O,2018,EL
57.8,N2O,2018,ES
73.5,N2O,2018,EU27_2020
80.0,N2O,2018,FI
76.1,N2O,2018,FR
75.6,N2O,2018,HR
80.1,N2O,2018,HU
89.7,N2O,2018,IE
87.3,N2O,2018,IS
57.4,N2O,2018,IT
84.2,N2O,2018,LT
48.3,N2O,2018,LU
77.6,N2O,2018,LV
66.7,N2O,2018,MT
67.4,N2O,2018,NL
76.6,N2O,2018,NO
79.8,N2O,2018,PL
61.9,N2O,2018,PT
88.3,N2O,2018,RO
72.3,N2O,2018,SE
63.3,N2O,2018,SI
57.3,N2O,2018,SK
78.3,N2O,2018,TR
67.4,N2O_CO2E,2018,AT
64.1,N2O_CO2E,2018,BE
87.0,N2O_CO2E,2018,BG
56.3,N2O_CO2E,2018,CH
69.3,N2O_CO2E,2018,CY
58.3,N2O_CO2E,2018,CZ
73.5,N2O_CO2E,2018,DE
87.7,N2O_CO2E,2018,DK
84.6,N2O_CO2E,2018,EE
78.1,N2O_CO2E,2018,EL
57.8,N2O_CO2E,2018,ES
73.5,N2O_CO2E,2018,EU27_2020
80.0,N2O_CO2E,2018,FI
76.1,N2O_CO2E,2018,FR
75.5,N2O_CO2E,2018,HR
80.1,N2O_CO2E,2018,HU
89.7,N2O_CO2E,2018,IE
87.8,N2O_CO2E,2018,IS
57.4,N2O_CO2E,2018,IT
84.3,N2O_CO2E,2018,LT
48.5,N2O_CO2E,2018,LU
77.7,N2O_CO2E,2018,LV
68.2,N2O_CO2E,2018,MT
67.4,N2O_CO2E,2018,NL
76.6,N2O_CO2E,2018,NO
79.8,N2O_CO2E,2018,PL
61.9,N2O_CO2E,2018,PT
88.3,N2O_CO2E,2018,RO
72.3,N2O_CO2E,2018,SE
63.3,N2O_CO2E,2018,SI
57.3,N2O_CO2E,2018,SK
78.3,N2O_CO2E,2018,TR
70.6,CH4,2019,AT
74.7,CH4,2019,BE
33.7,CH4,2019,BG
85.4,CH4,2019,CH
36.6,CH4,2019,CY
33.0,CH4,2019,CZ
73.5,CH4,2019,DE
87.0,CH4,2019,DK
69.4,CH4,2019,EE
43.6,CH4,2019,EL
61.2,CH4,2019,ES
58.6,CH4,2019,EU27_2020
55.6,CH4,2019,FI
71.5,CH4,2019,FR
36.6,CH4,2019,HR
32.2,CH4,2019,HU
93.4,CH4,2019,IE
61.6,CH4,2019,IS
45.1,CH4,2019,IT
61.0,CH4,2019,LT
77.2,CH4,2019,LU
55.4,CH4,2019,LV
20.6,CH4,2019,MT
69.2,CH4,2019,NL
56.2,CH4,2019,NO
38.1,CH4,2019,PL
49.0,CH4,2019,PT
44.8,CH4,2019,RO
74.6,CH4,2019,SE
59.7,CH4,2019,SI
29.5,CH4,2019,SK
60.8,CH4,2019,TR
70.6,CH4_CO2E,2019,AT
74.7,CH4_CO2E,2019,BE
33.7,CH4_CO2E,2019,BG
85.4,CH4_CO2E,2019,CH
36.6,CH4_CO2E,2019,CY
33.0,CH4_CO2E,2019,CZ
73.5,CH4_CO2E,2019,DE
87.0,CH4_CO2E,2019,DK
69.4,CH4_CO2E,2019,EE
43.6,CH4_CO2E,2019,EL
61.2,CH4_CO2E,2019,ES
58.6,CH4_CO2E,2019,EU27_2020
55.6,CH4_CO2E,2019,FI
71.5,CH4_CO2E,2019,FR
36.6,CH4_CO2E,2019,HR
32.2,CH4_CO2E,2019,HU
93.4,CH4_CO2E,2019,IE
61.6,CH4_CO2E,2019,IS
45.1,CH4_CO2E,2019,IT
61.0,CH4_CO2E,2019,LT
77.2,CH4_CO2E,2019,LU
55.4,CH4_CO2E,2019,LV
20.5,CH4_CO2E,2019,MT
69.2,CH4_CO2E,2019,NL
56.2,CH4_CO2E,2019,NO
38.1,CH4_CO2E,2019,PL
49.0,CH4_CO2E,2019,PT
44.8,CH4_CO2E,2019,RO
74.6,CH4_CO2E,2019,SE
59.7,CH4_CO2E,2019,SI
29.5,CH4_CO2E,2019,SK
60.8,CH4_CO2E,2019,TR
0.2,CO2,2019,AT
0.2,CO2,2019,BE
0.2,CO2,2019,BG
0.1,CO2,2019,CH
0.0,CO2,2019,CY
0.3,CO2,2019,CZ
0.4,CO2,2019,DE
0.6,CO2,2019,DK
0.1,CO2,2019,EE
0.1,CO2,2019,EL
0.2,CO2,2019,ES
0.3,CO2,2019,EU27_2020
0.4,CO2,2019,FI
0.6,CO2,2019,FR
0.4,CO2,2019,HR
0.4,CO2,2019,HU
1.2,CO2,2019,IE
0.2,CO2,2019,IS
0.1,CO2,2019,IT
0.5,CO2,2019,LT
0.1,CO2,2019,LU
0.7,CO2,2019,LV
0.0,CO2,2019,MT
0.1,CO2,2019,NL
0.3,CO2,2019,NO
0.4,CO2,2019,PL
0.1,CO2,2019,PT
0.2,CO2,2019,RO
0.3,CO2,2019,SE
0.2,CO2,2019,SI
0.2,CO2,2019,SK
0.3,CO2,2019,TR
9.4,GHG,2019,AT
7.7,GHG,2019,BE
11.5,GHG,2019,BG
13.0,GHG,2019,CH
5.6,GHG,2019,CY
5.4,GHG,2019,CZ
7.3,GHG,2019,DE
27.6,GHG,2019,DK
10.6,GHG,2019,EE
9.4,GHG,2019,EL
11.0,GHG,2019,ES
10.6,GHG,2019,EU27_2020
12.2,GHG,2019,FI
16.5,GHG,2019,FR
10.5,GHG,2019,HR
10.6,GHG,2019,HU
34.5,GHG,2019,IE
14.4,GHG,2019,IS
7.3,GHG,2019,IT
20.0,GHG,2019,LT
6.5,GHG,2019,LU
18.6,GHG,2019,LV
3.5,GHG,2019,MT
10.2,GHG,2019,NL
9.1,GHG,2019,NO
8.5,GHG,2019,PL
11.5,GHG,2019,PT
17.5,GHG,2019,RO
12.7,GHG,2019,SE
10.1,GHG,2019,SI
5.9,GHG,2019,SK
13.8,GHG,2019,TR
65.5,N2O,2019,AT
66.1,N2O,2019,BE
87.4,N2O,2019,BG
54.7,N2O,2019,CH
68.8,N2O,2019,CY
63.1,N2O,2019,CZ
75.0,N2O,2019,DE
88.1,N2O,2019,DK
86.0,N2O,2019,EE
79.3,N2O,2019,EL
56.6,N2O,2019,ES
73.7,N2O,2019,EU27_2020
80.8,N2O,2019,FI
76.6,N2O,2019,FR
75.0,N2O,2019,HR
79.6,N2O,2019,HU
89.0,N2O,2019,IE
87.7,N2O,2019,IS
57.7,N2O,2019,IT
84.5,N2O,2019,LT
45.9,N2O,2019,LU
79.5,N2O,2019,LV
62.5,N2O,2019,MT
66.7,N2O,2019,NL
77.3,N2O,2019,NO
78.9,N2O,2019,PL
62.4,N2O,2019,PT
88.8,N2O,2019,RO
73.3,N2O,2019,SE
60.1,N2O,2019,SI
62.8,N2O,2019,SK
79.1,N2O,2019,TR
65.6,N2O_CO2E,2019,AT
66.1,N2O_CO2E,2019,BE
87.4,N2O_CO2E,2019,BG
54.7,N2O_CO2E,2019,CH
69.0,N2O_CO2E,2019,CY
63.1,N2O_CO2E,2019,CZ
75.0,N2O_CO2E,2019,DE
88.1,N2O_CO2E,2019,DK
86.1,N2O_CO2E,2019,EE
79.2,N2O_CO2E,2019,EL
56.6,N2O_CO2E,2019,ES
73.7,N2O_CO2E,2019,EU27_2020
80.8,N2O_CO2E,2019,FI
76.6,N2O_CO2E,2019,FR
75.1,N2O_CO2E,2019,HR
79.5,N2O_CO2E,2019,HU
89.0,N2O_CO2E,2019,IE
87.9,N2O_CO2E,2019,IS
57.7,N2O_CO2E,2019,IT
84.5,N2O_CO2E,2019,LT
46.1,N2O_CO2E,2019,LU
79.5,N2O_CO2E,2019,LV
65.1,N2O_CO2E,2019,MT
66.7,N2O_CO2E,2019,NL
77.3,N2O_CO2E,2019,NO
78.9,N2O_CO2E,2019,PL
62.4,N2O_CO2E,2019,PT
88.8,N2O_CO2E,2019,RO
73.2,N2O_CO2E,2019,SE
60.3,N2O_CO2E,2019,SI
62.8,N2O_CO2E,2019,SK
79.1,N2O_CO2E,2019,TR
71.3,CH4,2020,AT
75.9,CH4,2020,BE
35.2,CH4,2020,BG
85.6,CH4,2020,CH
38.6,CH4,2020,CY
34.5,CH4,2020,CZ
74.4,CH4,2020,DE
87.4,CH4,2020,DK
70.8,CH4,2020,EE
45.4,CH4,2020,EL
61.9,CH4,2020,ES
59.3,CH4,2020,EU27_2020
57.1,CH4,2020,FI
71.9,CH4,2020,FR
37.1,CH4,2020,HR
33.1,CH4,2020,HU
93.6,CH4,2020,IE
58.4,CH4,2020,IS
44.8,CH4,2020,IT
61.9,CH4,2020,LT
78.3,CH4,2020,LU
56.1,CH4,2020,LV
20.8,CH4,2020,MT
69.9,CH4,2020,NL
56.4,CH4,2020,NO
39.2,CH4,2020,PL
49.6,CH4,2020,PT
45.8,CH4,2020,RO
75.4,CH4,2020,SE
60.6,CH4,2020,SI
30.1,CH4,2020,SK
62.7,CH4,2020,TR
71.3,CH4_CO2E,2020,AT
75.9,CH4_CO2E,2020,BE
35.2,CH4_CO2E,2020,BG
85.6,CH4_CO2E,2020,CH
38.6,CH4_CO2E,2020,CY
34.5,CH4_CO2E,2020,CZ
74.4,CH4_CO2E,2020,DE
87.4,CH4_CO2E,2020,DK
70.8,CH4_CO2E,2020,EE
45.4,CH4_CO2E,2020,EL
61.9,CH4_CO2E,2020,ES
59.3,CH4_CO2E,2020,EU27_2020
57.1,CH4_CO2E,2020,FI
71.9,CH4_CO2E,2020,FR
37.1,CH4_CO2E,2020,HR
33.1,CH4_CO2E,2020,HU
93.6,CH4_CO2E,2020,IE
58.4,CH4_CO2E,2020,IS
44.8,CH4_CO2E,2020,IT
61.9,CH4_CO2E,2020,LT
78.3,CH4_CO2E,2020,LU
56.1,CH4_CO2E,2020,LV
20.9,CH4_CO2E,2020,MT
69.9,CH4_CO2E,2020,NL
56.4,CH4_CO2E,2020,NO
39.2,CH4_CO2E,2020,PL
49.6,CH4_CO2E,2020,PT
45.8,CH4_CO2E,2020,RO
75.4,CH4_CO2E,2020,SE
60.6,CH4_CO2E,2020,SI
30.1,CH4_CO2E,2020,SK
62.7,CH4_CO2E,2020,TR
0.2,CO2,2020,AT
0.2,CO2,2020,BE
0.2,CO2,2020,BG
0.1,CO2,2020,CH
0.0,CO2,2020,CY
0.3,CO2,2020,CZ
0.4,CO2,2020,DE
0.9,CO2,2020,DK
0.2,CO2,2020,EE
0.1,CO2,2020,EL
0.3,CO2,2020,ES
0.4,CO2,2020,EU27_2020
0.5,CO2,2020,FI
0.7,CO2,2020,FR
0.6,CO2,2020,HR
0.5,CO2,2020,HU
1.5,CO2,2020,IE
0.2,CO2,2020,IS
0.2,CO2,2020,IT
0.8,CO2,2020,LT
0.1,CO2,2020,LU
1.0,CO2,2020,LV
0.0,CO2,2020,MT
0.1,CO2,2020,NL
0.3,CO2,2020,NO
0.5,CO2,2020,PL
0.1,CO2,2020,PT
0.2,CO2,2020,RO
0.3,CO2,2020,SE
0.2,CO2,2020,SI
0.2,CO2,2020,SK
0.4,CO2,2020,TR
10.1,GHG,2020,AT
8.3,GHG,2020,BE
12.8,GHG,2020,BG
13.8,GHG,2020,CH
6.3,GHG,2020,CY
6.4,GHG,2020,CZ
7.8,GHG,2020,DE
29.7,GHG,2020,DK
13.4,GHG,2020,EE
11.1,GHG,2020,EL
13.0,GHG,2020,ES
11.6,GHG,2020,EU27_2020
13.5,GHG,2020,FI
17.9,GHG,2020,FR
11.1,GHG,2020,HR
11.3,GHG,2020,HU
36.2,GHG,2020,IE
15.0,GHG,2020,IS
8.3,GHG,2020,IT
21.2,GHG,2020,LT
7.8,GHG,2020,LU
20.4,GHG,2020,LV
3.6,GHG,2020,MT
11.2,GHG,2020,NL
9.4,GHG,2020,NO
9.2,GHG,2020,PL
12.7,GHG,2020,PT
17.9,GHG,2020,RO
14.1,GHG,2020,SE
10.9,GHG,2020,SI
6.6,GHG,2020,SK
14.3,GHG,2020,TR
67.1,N2O,2020,AT
67.4,N2O,2020,BE
87.6,N2O,2020,BG
56.2,N2O,2020,CH
69.7,N2O,2020,CY
69.4,N2O,2020,CZ
75.1,N2O,2020,DE
87.4,N2O,2020,DK
86.5,N2O,2020,EE
81.3,N2O,2020,EL
57.2,N2O,2020,ES
74.7,N2O,2020,EU27_2020
81.4,N2O,2020,FI
77.1,N2O,2020,FR
74.7,N2O,2020,HR
80.1,N2O,2020,HU
89.8,N2O,2020,IE
89.1,N2O,2020,IS
60.9,N2O,2020,IT
86.8,N2O,2020,LT
50.0,N2O,2020,LU
80.4,N2O,2020,LV
62.5,N2O,2020,MT
68.3,N2O,2020,NL
78.9,N2O,2020,NO
80.1,N2O,2020,PL
63.9,N2O,2020,PT
88.5,N2O,2020,RO
75.8,N2O,2020,SE
61.5,N2O,2020,SI
67.6,N2O,2020,SK
80.2,N2O,2020,TR
67.1,N2O_CO2E,2020,AT
67.4,N2O_CO2E,2020,BE
87.5,N2O_CO2E,2020,BG
56.3,N2O_CO2E,2020,CH
69.8,N2O_CO2E,2020,CY
69.5,N2O_CO2E,2020,CZ
75.1,N2O_CO2E,2020,DE
87.4,N2O_CO2E,2020,DK
86.5,N2O_CO2E,2020,EE
81.3,N2O_CO2E,2020,EL
57.2,N2O_CO2E,2020,ES
74.7,N2O_CO2E,2020,EU27_2020
81.3,N2O_CO2E,2020,FI
77.1,N2O_CO2E,2020,FR
74.8,N2O_CO2E,2020,HR
80.1,N2O_CO2E,2020,HU
89.8,N2O_CO2E,2020,IE
89.3,N2O_CO2E,2020,IS
60.9,N2O_CO2E,2020,IT
86.7,N2O_CO2E,2020,LT
50.3,N2O_CO2E,2020,LU
80.6,N2O_CO2E,2020,LV
65.8,N2O_CO2E,2020,MT
68.4,N2O_CO2E,2020,NL
78.9,N2O_CO2E,2020,NO
80.1,N2O_CO2E,2020,PL
63.9,N2O_CO2E,2020,PT
88.5,N2O_CO2E,2020,RO
75.8,N2O_CO2E,2020,SE
61.3,N2O_CO2E,2020,SI
67.6,N2O_CO2E,2020,SK
80.2,N2O_CO2E,2020,TR
71.5,CH4,2021,AT
76.2,CH4,2021,BE
35.2,CH4,2021,BG
85.8,CH4,2021,CH
39.2,CH4,2021,CY
34.2,CH4,2021,CZ
74.2,CH4,2021,DE
86.7,CH4,2021,DK
70.2,CH4,2021,EE
43.5,CH4,2021,EL
61.5,CH4,2021,ES
59.1,CH4,2021,EU27_2020
58.0,CH4,2021,FI
71.6,CH4,2021,FR
37.5,CH4,2021,HR
34.2,CH4,2021,HU
94.0,CH4,2021,IE
57.5,CH4,2021,IS
44.8,CH4,2021,IT
62.7,CH4,2021,LT
77.9,CH4,2021,LU
56.5,CH4,2021,LV
20.9,CH4,2021,MT
69.7,CH4,2021,NL
57.3,CH4,2021,NO
39.9,CH4,2021,PL
49.6,CH4,2021,PT
44.8,CH4,2021,RO
76.5,CH4,2021,SE
61.7,CH4,2021,SI
30.5,CH4,2021,SK
62.6,CH4,2021,TR
71.5,CH4_CO2E,2021,AT
76.2,CH4_CO2E,2021,BE
35.2,CH4_CO2E,2021,BG
85.8,CH4_CO2E,2021,CH
39.2,CH4_CO2E,2021,CY
34.2,CH4_CO2E,2021,CZ
74.2,CH4_CO2E,2021,DE
86.7,CH4_CO2E,2021,DK
70.2,CH4_CO2E,2021,EE
43.5,CH4_CO2E,2021,EL
61.5,CH4_CO2E,2021,ES
59.1,CH4_CO2E,2021,EU27_2020
58.0,CH4_CO2E,2021,FI
71.6,CH4_CO2E,2021,FR
37.6,CH4_CO2E,2021,HR
34.2,CH4_CO2E,2021,HU
94.0,CH4_CO2E,2021,IE
57.6,CH4_CO2E,2021,IS
44.8,CH4_CO2E,2021,IT
62.7,CH4_CO2E,2021,LT
78.0,CH4_CO2E,2021,LU
56.5,CH4_CO2E,2021,LV
20.9,CH4_CO2E,2021,MT
69.7,CH4_CO2E,2021,NL
57.3,CH4_CO2E,2021,NO
39.9,CH4_CO2E,2021,PL
49.6,CH4_CO2E,2021,PT
44.8,CH4_CO2E,2021,RO
76.5,CH4_CO2E,2021,SE
61.7,CH4_CO2E,2021,SI
30.5,CH4_CO2E,2021,SK
62.6,CH4_CO2E,2021,TR
0.2,CO2,2021,AT
0.2,CO2,2021,BE
0.2,CO2,2021,BG
0.1,CO2,2021,CH
0.0,CO2,2021,CY
0.3,CO2,2021,CZ
0.4,CO2,2021,DE
0.9,CO2,2021,DK
0.3,CO2,2021,EE
0.1,CO2,2021,EL
0.2,CO2,2021,ES
0.3,CO2,2021,EU27_2020
0.5,CO2,2021,FI
0.6,CO2,2021,FR
0.5,CO2,2021,HR
0.5,CO2,2021,HU
1.9,CO2,2021,IE
0.2,CO2,2021,IS
0.1,CO2,2021,IT
0.9,CO2,2021,LT
0.1,CO2,2021,LU
1.2,CO2,2021,LV
0.0,CO2,2021,MT
0.1,CO2,2021,NL
0.3,CO2,2021,NO
0.4,CO2,2021,PL
0.1,CO2,2021,PT
0.2,CO2,2021,RO
0.3,CO2,2021,SE
0.2,CO2,2021,SI
0.2,CO2,2021,SK
0.3,CO2,2021,TR
9.7,GHG,2021,AT
8.1,GHG,2021,BE
11.6,GHG,2021,BG
13.4,GHG,2021,CH
6.3,GHG,2021,CY
6.3,GHG,2021,CZ
7.4,GHG,2021,DE
28.3,GHG,2021,DK
12.4,GHG,2021,EE
10.7,GHG,2021,EL
12.2,GHG,2021,ES
10.9,GHG,2021,EU27_2020
13.6,GHG,2021,FI
16.7,GHG,2021,FR
10.7,GHG,2021,HR
11.1,GHG,2021,HU
35.3,GHG,2021,IE
14.7,GHG,2021,IS
7.4,GHG,2021,IT
20.6,GHG,2021,LT
7.5,GHG,2021,LU
20.1,GHG,2021,LV
3.5,GHG,2021,MT
10.8,GHG,2021,NL
9.6,GHG,2021,NO
8.6,GHG,2021,PL
13.0,GHG,2021,PT
17.5,GHG,2021,RO
13.3,GHG,2021,SE
10.8,GHG,2021,SI
5.3,GHG,2021,SK
13.1,GHG,2021,TR
66.7,N2O,2021,AT
67.0,N2O,2021,BE
87.0,N2O,2021,BG
58.8,N2O,2021,CH
68.7,N2O,2021,CY
68.6,N2O,2021,CZ
74.8,N2O,2021,DE
86.2,N2O,2021,DK
85.9,N2O,2021,EE
81.3,N2O,2021,EL
58.4,N2O,2021,ES
74.4,N2O,2021,EU27_2020
80.4,N2O,2021,FI
77.4,N2O,2021,FR
75.5,N2O,2021,HR
79.3,N2O,2021,HU
89.9,N2O,2021,IE
88.6,N2O,2021,IS
58.7,N2O,2021,IT
85.6,N2O,2021,LT
50.3,N2O,2021,LU
79.9,N2O,2021,LV
66.7,N2O,2021,MT
69.0,N2O,2021,NL
79.2,N2O,2021,NO
79.2,N2O,2021,PL
62.8,N2O,2021,PT
89.0,N2O,2021,RO
74.1,N2O,2021,SE
62.6,N2O,2021,SI
59.9,N2O,2021,SK
78.1,N2O,2021,TR
66.7,N2O_CO2E,2021,AT
67.0,N2O_CO2E,2021,BE
87.0,N2O_CO2E,2021,BG
58.8,N2O_CO2E,2021,CH
69.2,N2O_CO2E,2021,CY
68.6,N2O_CO2E,2021,CZ
74.8,N2O_CO2E,2021,DE
86.1,N2O_CO2E,2021,DK
85.9,N2O_CO2E,2021,EE
81.2,N2O_CO2E,2021,EL
58.4,N2O_CO2E,2021,ES
74.4,N2O_CO2E,2021,EU27_2020
80.4,N2O_CO2E,2021,FI
77.4,N2O_CO2E,2021,FR
75.4,N2O_CO2E,2021,HR
79.3,N2O_CO2E,2021,HU
89.9,N2O_CO2E,2021,IE
88.7,N2O_CO2E,2021,IS
58.7,N2O_CO2E,2021,IT
85.6,N2O_CO2E,2021,LT
50.7,N2O_CO2E,2021,LU
79.9,N2O_CO2E,2021,LV
64.2,N2O_CO2E,2021,MT
69.0,N2O_CO2E,2021,NL
79.3,N2O_CO2E,2021,NO
79.2,N2O_CO2E,2021,PL
62.7,N2O_CO2E,2021,PT
89.0,N2O_CO2E,2021,RO
74.1,N2O_CO2E,2021,SE
62.6,N2O_CO2E,2021,SI
59.9,N2O_CO2E,2021,SK
78.1,N2O_CO2E,2021,TR
72.8,CH4,2022,AT
77.3,CH4,2022,BE
34.5,CH4,2022,BG
86.2,CH4,2022,CH
38.1,CH4,2022,CY
35.0,CH4,2022,CZ
74.8,CH4,2022,DE
86.7,CH4,2022,DK
70.7,CH4,2022,EE
42.5,CH4,2022,EL
61.6,CH4,2022,ES
59.7,CH4,2022,EU27_2020
58.4,CH4,2022,FI
71.5,CH4,2022,FR
36.1,CH4,2022,HR
34.5,CH4,2022,HU
94.0,CH4,2022,IE
58.2,CH4,2022,IS
45.5,CH4,2022,IT
66.1,CH4,2022,LT
79.1,CH4,2022,LU
56.0,CH4,2022,LV
20.4,CH4,2022,MT
72.6,CH4,2022,NL
56.7,CH4,2022,NO
40.8,CH4,2022,PL
48.9,CH4,2022,PT
45.9,CH4,2022,RO
77.8,CH4,2022,SE
63.7,CH4,2022,SI
32.0,CH4,2022,SK
61.0,CH4,2022,TR
72.8,CH4_CO2E,2022,AT
77.3,CH4_CO2E,2022,BE
34.5,CH4_CO2E,2022,BG
86.2,CH4_CO2E,2022,CH
38.1,CH4_CO2E,2022,CY
35.0,CH4_CO2E,2022,CZ
74.8,CH4_CO2E,2022,DE
86.7,CH4_CO2E,2022,DK
70.7,CH4_CO2E,2022,EE
42.5,CH4_CO2E,2022,EL
61.6,CH4_CO2E,2022,ES
59.7,CH4_CO2E,2022,EU27_2020
58.4,CH4_CO2E,2022,FI
71.5,CH4_CO2E,2022,FR
36.1,CH4_CO2E,2022,HR
34.5,CH4_CO2E,2022,HU
94.0,CH4_CO2E,2022,IE
58.2,CH4_CO2E,2022,IS
45.5,CH4_CO2E,2022,IT
66.1,CH4_CO2E,2022,LT
79.1,CH4_CO2E,2022,LU
56.0,CH4_CO2E,2022,LV
20.4,CH4_CO2E,2022,MT
72.6,CH4_CO2E,2022,NL
56.7,CH4_CO2E,2022,NO
40.8,CH4_CO2E,2022,PL
48.9,CH4_CO2E,2022,PT
45.9,CH4_CO2E,2022,RO
77.8,CH4_CO2E,2022,SE
63.7,CH4_CO2E,2022,SI
32.0,CH4_CO2E,2022,SK
61.0,CH4_CO2E,2022,TR
0.2,CO2,2022,AT
0.2,CO2,2022,BE
0.2,CO2,2022,BG
0.1,CO2,2022,CH
0.0,CO2,2022,CY
0.4,CO2,2022,CZ
0.4,CO2,2022,DE
0.9,CO2,2022,DK
0.3,CO2,2022,EE
0.1,CO2,2022,EL
0.2,CO2,2022,ES
0.3,CO2,2022,EU27_2020
0.6,CO2,2022,FI
0.7,CO2,2022,FR
0.3,CO2,2022,HR
0.5,CO2,2022,HU
2.1,CO2,2022,IE
0.2,CO2,2022,IS
0.1,CO2,2022,IT
0.6,CO2,2022,LT
0.1,CO2,2022,LU
1.3,CO2,2022,LV
0.0,CO2,2022,MT
0.1,CO2,2022,NL
0.3,CO2,2022,NO
0.4,CO2,2022,PL
0.0,CO2,2022,PT
0.2,CO2,2022,RO
0.4,CO2,2022,SE
0.2,CO2,2022,SI
0.2,CO2,2022,SK
0.3,CO2,2022,TR
10.3,GHG,2022,AT
8.3,GHG,2022,BE
10.4,GHG,2022,BG
14.3,GHG,2022,CH
6.1,GHG,2022,CY
5.9,GHG,2022,CZ
7.2,GHG,2022,DE
28.7,GHG,2022,DK
11.2,GHG,2022,EE
10.3,GHG,2022,EL
11.6,GHG,2022,ES
10.8,GHG,2022,EU27_2020
13.5,GHG,2022,FI
16.8,GHG,2022,FR
9.7,GHG,2022,HR
10.4,GHG,2022,HU
35.4,GHG,2022,IE
14.3,GHG,2022,IS
7.0,GHG,2022,IT
20.5,GHG,2022,LT
8.2,GHG,2022,LU
21.5,GHG,2022,LV
3.2,GHG,2022,MT
11.8,GHG,2022,NL
9.4,GHG,2022,NO
8.8,GHG,2022,PL
12.5,GHG,2022,PT
17.5,GHG,2022,RO
14.2,GHG,2022,SE
10.7,GHG,2022,SI
5.4,GHG,2022,SK
12.7,GHG,2022,TR
68.0,N2O,2022,AT
67.0,N2O,2022,BE
86.6,N2O,2022,BG
66.5,N2O,2022,CH
68.2,N2O,2022,CY
63.5,N2O,2022,CZ
73.4,N2O,2022,DE
86.7,N2O,2022,DK
86.0,N2O,2022,EE
78.9,N2O,2022,EL
55.0,N2O,2022,ES
73.3,N2O,2022,EU27_2020
81.2,N2O,2022,FI
76.4,N2O,2022,FR
74.6,N2O,2022,HR
74.4,N2O,2022,HU
88.2,N2O,2022,IE
89.1,N2O,2022,IS
55.8,N2O,2022,IT
86.4,N2O,2022,LT
51.7,N2O,2022,LU
80.1,N2O,2022,LV
62.5,N2O,2022,MT
72.4,N2O,2022,NL
75.9,N2O,2022,NO
78.8,N2O,2022,PL
59.7,N2O,2022,PT
88.3,N2O,2022,RO
74.7,N2O,2022,SE
60.3,N2O,2022,SI
54.0,N2O,2022,SK
78.0,N2O,2022,TR
68.0,N2O_CO2E,2022,AT
67.0,N2O_CO2E,2022,BE
86.5,N2O_CO2E,2022,BG
66.5,N2O_CO2E,2022,CH
68.5,N2O_CO2E,2022,CY
63.6,N2O_CO2E,2022,CZ
73.4,N2O_CO2E,2022,DE
86.7,N2O_CO2E,2022,DK
85.9,N2O_CO2E,2022,EE
78.9,N2O_CO2E,2022,EL
55.0,N2O_CO2E,2022,ES
73.3,N2O_CO2E,2022,EU27_2020
81.2,N2O_CO2E,2022,FI
76.4,N2O_CO2E,2022,FR
74.6,N2O_CO2E,2022,HR
74.4,N2O_CO2E,2022,HU
88.2,N2O_CO2E,2022,IE
88.6,N2O_CO2E,2022,IS
55.8,N2O_CO2E,2022,IT
86.3,N2O_CO2E,2022,LT
51.5,N2O_CO2E,2022,LU
80.1,N2O_CO2E,2022,LV
61.2,N2O_CO2E,2022,MT
72.4,N2O_CO2E,2022,NL
75.9,N2O_CO2E,2022,NO
78.8,N2O_CO2E,2022,PL
59.7,N2O_CO2E,2022,PT
88.3,N2O_CO2E,2022,RO
74.7,N2O_CO2E,2022,SE
60.5,N2O_CO2E,2022,SI
54.1,N2O_CO2E,2022,SK
78.0,N2O_CO2E,2022,TR
73.1,CH4,2023,AT
77.5,CH4,2023,BE
36.5,CH4,2023,BG
86.5,CH4,2023,CH
38.1,CH4,2023,CY
35.7,CH4,2023,CZ
76.0,CH4,2023,DE
85.6,CH4,2023,DK
71.7,CH4,2023,EE
43.6,CH4,2023,EL
61.2,CH4,2023,ES
60.1,CH4,2023,EU27_2020
58.5,CH4,2023,FI
71.1,CH4,2023,FR
35.3,CH4,2023,HR
34.9,CH4,2023,HU
94.2,CH4,2023,IE
58.5,CH4,2023,IS
46.0,CH4,2023,IT
67.9,CH4,2023,LT
80.2,CH4,2023,LU
54.5,CH4,2023,LV
20.6,CH4,2023,MT
72.6,CH4,2023,NL
57.5,CH4,2023,NO
42.4,CH4,2023,PL
48.7,CH4,2023,PT
46.1,CH4,2023,RO
78.8,CH4,2023,SE
63.3,CH4,2023,SI
33.3,CH4,2023,SK
65.3,CH4,2023,TR
73.1,CH4_CO2E,2023,AT
77.5,CH4_CO2E,2023,BE
36.5,CH4_CO2E,2023,BG
86.5,CH4_CO2E,2023,CH
38.1,CH4_CO2E,2023,CY
35.7,CH4_CO2E,2023,CZ
76.0,CH4_CO2E,2023,DE
85.6,CH4_CO2E,2023,DK
71.7,CH4_CO2E,2023,EE
43.6,CH4_CO2E,2023,EL
61.2,CH4_CO2E,2023,ES
60.1,CH4_CO2E,2023,EU27_2020
58.5,CH4_CO2E,2023,FI
71.1,CH4_CO2E,2023,FR
35.3,CH4_CO2E,2023,HR
34.9,CH4_CO2E,2023,HU
94.2,CH4_CO2E,2023,IE
58.5,CH4_CO2E,2023,IS
46.0,CH4_CO2E,2023,IT
67.9,CH4_CO2E,2023,LT
80.2,CH4_CO2E,2023,LU
54.5,CH4_CO2E,2023,LV
20.7,CH4_CO2E,2023,MT
72.6,CH4_CO2E,2023,NL
57.5,CH4_CO2E,2023,NO
42.4,CH4_CO2E,2023,PL
48.7,CH4_CO2E,2023,PT
46.1,CH4_CO2E,2023,RO
78.8,CH4_CO2E,2023,SE
63.3,CH4_CO2E,2023,SI
33.3,CH4_CO2E,2023,SK
65.3,CH4_CO2E,2023,TR
0.3,CO2,2023,AT
0.2,CO2,2023,BE
0.3,CO2,2023,BG
0.1,CO2,2023,CH
0.0,CO2,2023,CY
0.3,CO2,2023,CZ
0.4,CO2,2023,DE
0.7,CO2,2023,DK
0.3,CO2,2023,EE
0.0,CO2,2023,EL
0.2,CO2,2023,ES
0.4,CO2,2023,EU27_2020
0.6,CO2,2023,FI
0.8,CO2,2023,FR
0.2,CO2,2023,HR
0.4,CO2,2023,HU
1.8,CO2,2023,IE
0.2,CO2,2023,IS
0.1,CO2,2023,IT
0.5,CO2,2023,LT
0.1,CO2,2023,LU
1.2,CO2,2023,LV
0.0,CO2,2023,MT
0.1,CO2,2023,NL
0.3,CO2,2023,NO
0.4,CO2,2023,PL
0.1,CO2,2023,PT
0.2,CO2,2023,RO
0.4,CO2,2023,SE
0.2,CO2,2023,SI
0.2,CO2,2023,SK
0.3,CO2,2023,TR
10.9,GHG,2023,AT
8.7,GHG,2023,BE
13.3,GHG,2023,BG
14.6,GHG,2023,CH
6.0,GHG,2023,CY
6.5,GHG,2023,CZ
8.2,GHG,2023,DE
28.8,GHG,2023,DK
14.2,GHG,2023,EE
11.4,GHG,2023,EL
12.2,GHG,2023,ES
11.8,GHG,2023,EU27_2020
15.1,GHG,2023,FI
17.8,GHG,2023,FR
9.0,GHG,2023,HR
11.1,GHG,2023,HU
36.2,GHG,2023,IE
14.2,GHG,2023,IS
7.8,GHG,2023,IT
20.6,GHG,2023,LT
8.8,GHG,2023,LU
20.5,GHG,2023,LV
3.1,GHG,2023,MT
12.6,GHG,2023,NL
9.5,GHG,2023,NO
9.8,GHG,2023,PL
13.2,GHG,2023,PT
18.1,GHG,2023,RO
14.2,GHG,2023,SE
11.0,GHG,2023,SI
6.9,GHG,2023,SK
12.9,GHG,2023,TR
68.2,N2O,2023,AT
70.9,N2O,2023,BE
87.5,N2O,2023,BG
66.8,N2O,2023,CH
68.2,N2O,2023,CY
65.8,N2O,2023,CZ
76.8,N2O,2023,DE
85.6,N2O,2023,DK
85.6,N2O,2023,EE
80.3,N2O,2023,EL
56.5,N2O,2023,ES
74.9,N2O,2023,EU27_2020
83.7,N2O,2023,FI
77.2,N2O,2023,FR
73.0,N2O,2023,HR
75.1,N2O,2023,HU
87.4,N2O,2023,IE
87.2,N2O,2023,IS
59.5,N2O,2023,IT
84.9,N2O,2023,LT
54.7,N2O,2023,LU
79.1,N2O,2023,LV
60.0,N2O,2023,MT
74.8,N2O,2023,NL
75.8,N2O,2023,NO
80.2,N2O,2023,PL
60.5,N2O,2023,PT
88.5,N2O,2023,RO
74.3,N2O,2023,SE
61.6,N2O,2023,SI
66.8,N2O,2023,SK
79.1,N2O,2023,TR
68.2,N2O_CO2E,2023,AT
70.9,N2O_CO2E,2023,BE
87.4,N2O_CO2E,2023,BG
66.7,N2O_CO2E,2023,CH
68.0,N2O_CO2E,2023,CY
65.7,N2O_CO2E,2023,CZ
76.8,N2O_CO2E,2023,DE
85.6,N2O_CO2E,2023,DK
85.6,N2O_CO2E,2023,EE
80.2,N2O_CO2E,2023,EL
56.5,N2O_CO2E,2023,ES
74.9,N2O_CO2E,2023,EU27_2020
83.7,N2O_CO2E,2023,FI
77.2,N2O_CO2E,2023,FR
73.1,N2O_CO2E,2023,HR
75.1,N2O_CO2E,2023,HU
87.4,N2O_CO2E,2023,IE
87.3,N2O_CO2E,2023,IS
59.5,N2O_CO2E,2023,IT
84.9,N2O_CO2E,2023,LT
55.1,N2O_CO2E,2023,LU
79.0,N2O_CO2E,2023,LV
58.0,N2O_CO2E,2023,MT
74.8,N2O_CO2E,2023,NL
75.8,N2O_CO2E,2023,NO
80.2,N2O_CO2E,2023,PL
60.5,N2O_CO2E,2023,PT
88.5,N2O_CO2E,2023,RO
74.3,N2O_CO2E,2023,SE
61.5,N2O_CO2E,2023,SI
66.8,N2O_CO2E,2023,SK
79.1,N2O_CO2E,2023,TR
73.7,CH4,2024,AT
78.3,CH4,2024,BE
37.5,CH4,2024,BG
86.6,CH4,2024,CH
38.3,CH4,2024,CY
36.7,CH4,2024,CZ
76.0,CH4,2024,DE
85.8,CH4,2024,DK
71.5,CH4,2024,EE
43.1,CH4,2024,EL
61.3,CH4,2024,ES
60.4,CH4,2024,EU27_2020
59.2,CH4,2024,FI
71.4,CH4,2024,FR
36.0,CH4,2024,HR
34.9,CH4,2024,HU
94.0,CH4,2024,IE
59.2,CH4,2024,IS
45.1,CH4,2024,IT
69.0,CH4,2024,LT
79.1,CH4,2024,LU
54.3,CH4,2024,LV
20.0,CH4,2024,MT
72.8,CH4,2024,NL
58.2,CH4,2024,NO
44.0,CH4,2024,PL
48.1,CH4,2024,PT
46.9,CH4,2024,RO
79.6,CH4,2024,SE
65.3,CH4,2024,SI
35.0,CH4,2024,SK
62.0,CH4,2024,TR
73.7,CH4_CO2E,2024,AT
78.3,CH4_CO2E,2024,BE
37.5,CH4_CO2E,2024,BG
86.6,CH4_CO2E,2024,CH
38.3,CH4_CO2E,2024,CY
36.7,CH4_CO2E,2024,CZ
76.0,CH4_CO2E,2024,DE
85.8,CH4_CO2E,2024,DK
71.5,CH4_CO2E,2024,EE
43.1,CH4_CO2E,2024,EL
61.3,CH4_CO2E,2024,ES
60.4,CH4_CO2E,2024,EU27_2020
59.2,CH4_CO2E,2024,FI
71.4,CH4_CO2E,2024,FR
36.0,CH4_CO2E,2024,HR
34.9,CH4_CO2E,2024,HU
94.0,CH4_CO2E,2024,IE
59.2,CH4_CO2E,2024,IS
45.1,CH4_CO2E,2024,IT
69.0,CH4_CO2E,2024,LT
79.1,CH4_CO2E,2024,LU
54.3,CH4_CO2E,2024,LV
20.0,CH4_CO2E,2024,MT
72.8,CH4_CO2E,2024,NL
58.2,CH4_CO2E,2024,NO
44.0,CH4_CO2E,2024,PL
48.1,CH4_CO2E,2024,PT
46.9,CH4_CO2E,2024,RO
79.6,CH4_CO2E,2024,SE
65.3,CH4_CO2E,2024,SI
35.0,CH4_CO2E,2024,SK
62.0,CH4_CO2E,2024,TR
0.3,CO2,2024,AT
0.2,CO2,2024,BE
0.3,CO2,2024,BG
0.2,CO2,2024,CH
0.0,CO2,2024,CY
0.4,CO2,2024,CZ
0.4,CO2,2024,DE
0.8,CO2,2024,DK
0.3,CO2,2024,EE
0.0,CO2,2024,EL
0.3,CO2,2024,ES
0.4,CO2,2024,EU27_2020
0.6,CO2,2024,FI
0.8,CO2,2024,FR
0.3,CO2,2024,HR
0.5,CO2,2024,HU
1.9,CO2,2024,IE
0.2,CO2,2024,IS
0.1,CO2,2024,IT
0.6,CO2,2024,LT
0.2,CO2,2024,LU
1.4,CO2,2024,LV
0.0,CO2,2024,MT
0.1,CO2,2024,NL
0.4,CO2,2024,NO
0.4,CO2,2024,PL
0.1,CO2,2024,PT
0.2,CO2,2024,RO
0.4,CO2,2024,SE
0.2,CO2,2024,SI
0.3,CO2,2024,SK
0.3,CO2,2024,TR
11.2,GHG,2024,AT
8.5,GHG,2024,BE
13.4,GHG,2024,BG
15.1,GHG,2024,CH
6.1,GHG,2024,CY
7.7,GHG,2024,CZ
8.2,GHG,2024,DE
30.9,GHG,2024,DK
15.2,GHG,2024,EE
11.1,GHG,2024,EL
12.4,GHG,2024,ES
11.9,GHG,2024,EU27_2020
16.3,GHG,2024,FI
18.2,GHG,2024,FR
9.3,GHG,2024,HR
11.7,GHG,2024,HU
36.4,GHG,2024,IE
13.8,GHG,2024,IS
7.7,GHG,2024,IT
20.2,GHG,2024,LT
8.9,GHG,2024,LU
21.5,GHG,2024,LV
3.1,GHG,2024,MT
12.6,GHG,2024,NL
9.9,GHG,2024,NO
10.0,GHG,2024,PL
13.4,GHG,2024,PT
18.1,GHG,2024,RO
13.2,GHG,2024,SE
10.6,GHG,2024,SI
5.9,GHG,2024,SK
12.6,GHG,2024,TR
68.6,N2O,2024,AT
71.5,N2O,2024,BE
86.5,N2O,2024,BG
68.9,N2O,2024,CH
68.7,N2O,2024,CY
70.8,N2O,2024,CZ
76.2,N2O,2024,DE
87.0,N2O,2024,DK
85.8,N2O,2024,EE
80.5,N2O,2024,EL
56.3,N2O,2024,ES
74.8,N2O,2024,EU27_2020
84.5,N2O,2024,FI
77.2,N2O,2024,FR
73.6,N2O,2024,HR
76.2,N2O,2024,HU
87.5,N2O,2024,IE
87.6,N2O,2024,IS
59.3,N2O,2024,IT
80.4,N2O,2024,LT
56.6,N2O,2024,LU
79.8,N2O,2024,LV
60.0,N2O,2024,MT
74.1,N2O,2024,NL
73.2,N2O,2024,NO
80.1,N2O,2024,PL
60.6,N2O,2024,PT
88.0,N2O,2024,RO
75.0,N2O,2024,SE
64.2,N2O,2024,SI
55.3,N2O,2024,SK
77.8,N2O,2024,TR
68.6,N2O_CO2E,2024,AT
71.5,N2O_CO2E,2024,BE
86.5,N2O_CO2E,2024,BG
68.9,N2O_CO2E,2024,CH
67.9,N2O_CO2E,2024,CY
70.7,N2O_CO2E,2024,CZ
76.2,N2O_CO2E,2024,DE
87.0,N2O_CO2E,2024,DK
85.7,N2O_CO2E,2024,EE
80.5,N2O_CO2E,2024,EL
56.3,N2O_CO2E,2024,ES
74.8,N2O_CO2E,2024,EU27_2020
84.5,N2O_CO2E,2024,FI
77.2,N2O_CO2E,2024,FR
73.6,N2O_CO2E,2024,HR
76.2,N2O_CO2E,2024,HU
87.6,N2O_CO2E,2024,IE
87.4,N2O_CO2E,2024,IS
59.3,N2O_CO2E,2024,IT
80.4,N2O_CO2E,2024,LT
56.2,N2O_CO2E,2024,LU
79.8,N2O_CO2E,2024,LV
58.2,N2O_CO2E,2024,MT
74.1,N2O_CO2E,2024,NL
73.3,N2O_CO2E,2024,NO
80.1,N2O_CO2E,2024,PL
60.6,N2O_CO2E,2024,PT
88.0,N2O_CO2E,2024,RO
75.0,N2O_CO2E,2024,SE
64.4,N2O_CO2E,2024,SI
55.3,N2O_CO2E,2024,SK
77.8,N2O_CO2E,2024,TR
