age,sex,people
0,1,328971250
0,2,313383302
5,1,342936336
5,2,324640452
10,1,355325046
10,2,333998643
15,1,343869797
15,2,322467123
20,1,324033304
20,2,305003682
25,1,311642450
25,2,293806878
30,1,305931568
30,2,289587247
35,1,309308090
35,2,295435896
40,1,281130156
40,2,272786698
45,1,247713912
45,2,243564734
50,1,231102486
50,2,231588720
55,1,213627621
55,2,219073791
60,1,184368836
60,2,195184672
65,1,139956453
65,2,155879947
70,1,111193370
70,2,132276705
75,1,73334412
75,2,93701950
80,1,39413446
80,2,55373053
85,1,19601200
85,2,33039023
90,1,6625775
90,2,14104409
95,1,1296825
95,2,3727192
100,1,130229
100,2,541703
